PDB_ID,ExactMatch,NumMotifs_Ori,NumMotifs_Opt,SharedMotifs,JaccardAvg
MGYP000000453097,True,5,5,5,1.0
MGYP000001442328,True,1,1,1,1.0
MGYP000001795303,True,1,1,1,1.0
MGYP000001972013,True,3,3,3,1.0
MGYP000002588102,True,2,2,2,1.0
MGYP000002771634,True,1,1,1,1.0
MGYP000002811265,True,1,1,1,1.0
MGYP000003583008,True,2,2,2,1.0
MGYP000006012826,True,2,2,2,1.0
MGYP000006462911,True,2,2,2,1.0
MGYP000007363650,True,2,2,2,1.0
MGYP000007453127,True,1,1,1,1.0
MGYP000007840774,True,2,2,2,1.0
MGYP000008291468,True,1,1,1,1.0
MGYP000008565366,True,2,2,2,1.0
MGYP000008709396,True,1,1,1,1.0
MGYP000009684769,True,4,4,4,1.0
MGYP000010181996,True,7,7,7,1.0
MGYP000010616217,True,1,1,1,1.0
MGYP000011721625,True,1,1,1,1.0
MGYP000011913865,True,1,1,1,1.0
MGYP000013158409,True,2,2,2,1.0
MGYP000013448651,True,2,2,2,1.0
MGYP000014128812,True,4,4,4,1.0
MGYP000014270089,True,2,2,2,1.0
MGYP000015094204,True,1,1,1,1.0
MGYP000016193481,True,1,1,1,1.0
MGYP000016305124,True,2,2,2,1.0
MGYP000016394875,True,2,2,2,1.0
MGYP000016535756,True,1,1,1,1.0
MGYP000017603405,True,6,6,6,1.0
MGYP000017801654,True,3,3,3,1.0
MGYP000018274853,True,1,1,1,1.0
MGYP000018278848,True,2,2,2,1.0
MGYP000018631754,True,2,2,2,1.0
MGYP000020261782,True,2,2,2,1.0
MGYP000020277580,True,1,1,1,1.0
MGYP000020532733,True,1,1,1,1.0
MGYP000020607098,True,1,1,1,1.0
MGYP000021043716,True,3,3,3,1.0
MGYP000021291058,True,1,1,1,1.0
MGYP000022063886,True,9,9,9,1.0
MGYP000022686141,True,1,1,1,1.0
MGYP000022714974,True,6,6,6,1.0
MGYP000024008407,True,4,4,4,1.0
MGYP000024192438,True,1,1,1,1.0
MGYP000025323976,True,4,4,4,1.0
MGYP000025623376,True,1,1,1,1.0
MGYP000025701050,True,5,5,5,1.0
MGYP000026177788,True,2,2,2,1.0
MGYP000026367232,True,4,4,4,1.0
MGYP000026772173,True,4,4,4,1.0
MGYP000027209003,True,2,2,2,1.0
MGYP000027234173,True,3,3,3,1.0
MGYP000028001123,True,2,2,2,1.0
MGYP000028180371,True,1,1,1,1.0
MGYP000029664537,True,2,2,2,1.0
MGYP000030887266,True,1,1,1,1.0
MGYP000031525421,True,1,1,1,1.0
MGYP000032331617,True,1,1,1,1.0
MGYP000032525366,True,1,1,1,1.0
MGYP000033779507,True,7,7,7,1.0
MGYP000034220118,True,6,6,6,1.0
MGYP000035114301,True,1,1,1,1.0
MGYP000035330456,True,1,1,1,1.0
MGYP000036753620,True,2,2,2,1.0
MGYP000037420599,True,1,1,1,1.0
MGYP000038928263,True,2,2,2,1.0
MGYP000039857314,True,4,4,4,1.0
MGYP000039949461,True,3,3,3,1.0
MGYP000040982038,True,1,1,1,1.0
MGYP000042745762,True,4,4,4,1.0
MGYP000042801367,True,1,1,1,1.0
MGYP000042985039,True,1,1,1,1.0
MGYP000043359999,True,1,1,1,1.0
MGYP000043964882,True,1,1,1,1.0
MGYP000044379346,True,1,1,1,1.0
MGYP000044453755,True,1,1,1,1.0
MGYP000044657340,True,4,4,4,1.0
MGYP000045701691,True,5,5,5,1.0
MGYP000046731924,True,1,1,1,1.0
MGYP000047033630,True,4,4,4,1.0
MGYP000047249947,True,1,1,1,1.0
MGYP000047482423,True,4,4,4,1.0
MGYP000049178548,True,1,1,1,1.0
MGYP000049345626,True,2,2,2,1.0
MGYP000049721254,True,1,1,1,1.0
MGYP000050269401,True,2,2,2,1.0
MGYP000050842261,True,1,1,1,1.0
MGYP000051943095,True,4,4,4,1.0
MGYP000052688781,True,1,1,1,1.0
MGYP000053357017,True,4,4,4,1.0
MGYP000054071921,True,1,1,1,1.0
MGYP000054677228,True,1,1,1,1.0
MGYP000054719261,True,3,3,3,1.0
MGYP000054826049,True,5,5,5,1.0
MGYP000055344424,True,2,2,2,1.0
MGYP000055683482,True,6,6,6,1.0
MGYP000056405031,True,5,5,5,1.0
MGYP000057399450,True,1,1,1,1.0
MGYP000058426915,True,2,2,2,1.0
MGYP000058712614,True,1,1,1,1.0
MGYP000058887465,True,1,1,1,1.0
MGYP000059537684,True,1,1,1,1.0
MGYP000060660405,True,7,7,7,1.0
MGYP000061759587,True,1,1,1,1.0
MGYP000062068456,True,3,3,3,1.0
MGYP000062920417,True,1,1,1,1.0
MGYP000063202794,True,2,2,2,1.0
MGYP000063394458,True,2,2,2,1.0
MGYP000065025220,True,2,2,2,1.0
MGYP000068444139,True,2,2,2,1.0
MGYP000069454217,True,1,1,1,1.0
MGYP000070219614,True,5,5,5,1.0
MGYP000070430902,True,2,2,2,1.0
MGYP000070920067,True,1,1,1,1.0
MGYP000072100213,True,2,2,2,1.0
MGYP000072135156,True,2,2,2,1.0
MGYP000072673295,True,1,1,1,1.0
MGYP000072940878,True,1,1,1,1.0
MGYP000074756770,True,2,2,2,1.0
MGYP000075153336,True,1,1,1,1.0
MGYP000075831463,True,4,4,4,1.0
MGYP000076114911,True,1,1,1,1.0
MGYP000077088951,True,2,2,2,1.0
MGYP000077247338,True,3,3,3,1.0
MGYP000077444705,True,2,2,2,1.0
MGYP000078362861,True,2,2,2,1.0
MGYP000079453203,True,3,3,3,1.0
MGYP000079545455,True,1,1,1,1.0
MGYP000079853548,True,2,2,2,1.0
MGYP000080530977,True,1,1,1,1.0
MGYP000080648477,True,2,2,2,1.0
MGYP000080686925,True,2,2,2,1.0
MGYP000081070919,True,1,1,1,1.0
MGYP000081111812,True,3,3,3,1.0
MGYP000082479216,True,2,2,2,1.0
MGYP000082814895,True,3,3,3,1.0
MGYP000083877903,True,4,4,4,1.0
MGYP000084020761,True,3,3,3,1.0
MGYP000084168054,True,10,10,10,1.0
MGYP000084501554,True,2,2,2,1.0
MGYP000085335015,True,1,1,1,1.0
MGYP000085526582,True,4,4,4,1.0
MGYP000085767071,True,2,2,2,1.0
MGYP000085849577,True,1,1,1,1.0
MGYP000086069514,True,1,1,1,1.0
MGYP000086666963,True,2,2,2,1.0
MGYP000088088845,True,1,1,1,1.0
MGYP000089789580,True,1,1,1,1.0
MGYP000089804703,True,1,1,1,1.0
MGYP000089830285,True,1,1,1,1.0
MGYP000091289079,True,1,1,1,1.0
MGYP000092340338,True,1,1,1,1.0
MGYP000092494185,True,4,4,4,1.0
MGYP000094101272,True,1,1,1,1.0
MGYP000094188299,True,1,1,1,1.0
MGYP000094382939,True,1,1,1,1.0
MGYP000094486302,True,3,3,3,1.0
MGYP000094585464,True,4,4,4,1.0
MGYP000095103666,True,1,1,1,1.0
MGYP000095248300,True,1,1,1,1.0
MGYP000096769867,True,1,1,1,1.0
MGYP000097225058,True,1,1,1,1.0
MGYP000097371997,True,1,1,1,1.0
MGYP000098342538,True,1,1,1,1.0
MGYP000099151941,True,1,1,1,1.0
MGYP000100347041,True,1,1,1,1.0
MGYP000100376899,True,1,1,1,1.0
MGYP000100528234,True,1,1,1,1.0
MGYP000101735997,True,5,5,5,1.0
MGYP000101899061,True,2,2,2,1.0
MGYP000102465142,True,6,6,6,1.0
MGYP000102677080,True,1,1,1,1.0
MGYP000103766240,True,4,4,4,1.0
MGYP000104062846,True,1,1,1,1.0
MGYP000104578056,True,2,2,2,1.0
MGYP000104660429,True,1,1,1,1.0
MGYP000104675751,True,1,1,1,1.0
MGYP000104967205,True,2,2,2,1.0
MGYP000105303863,True,1,1,1,1.0
MGYP000106022398,True,6,6,6,1.0
MGYP000106103874,True,2,2,2,1.0
MGYP000106175219,True,1,1,1,1.0
MGYP000107241368,True,2,2,2,1.0
MGYP000107615218,True,2,2,2,1.0
MGYP000107772961,True,1,1,1,1.0
MGYP000108436032,True,1,1,1,1.0
MGYP000108790716,True,1,1,1,1.0
MGYP000110080818,True,1,1,1,1.0
MGYP000110140670,True,2,2,2,1.0
MGYP000110859592,True,2,2,2,1.0
MGYP000111050943,True,1,1,1,1.0
MGYP000111291279,True,1,1,1,1.0
MGYP000111432748,True,2,2,2,1.0
MGYP000111772756,True,1,1,1,1.0
MGYP000112009991,True,4,4,4,1.0
MGYP000112387244,True,5,5,5,1.0
MGYP000113646872,True,1,1,1,1.0
MGYP000113724306,True,1,1,1,1.0
MGYP000114399660,True,5,5,5,1.0
MGYP000116447093,True,3,3,3,1.0
MGYP000117671555,True,4,4,4,1.0
MGYP000117831876,True,1,1,1,1.0
MGYP000118113377,True,5,5,5,1.0
MGYP000119831165,True,4,4,4,1.0
MGYP000120248837,True,1,1,1,1.0
MGYP000120743427,True,7,7,7,1.0
MGYP000121545793,True,1,1,1,1.0
MGYP000121589557,True,1,1,1,1.0
MGYP000123060652,True,4,4,4,1.0
MGYP000123210468,True,1,1,1,1.0
MGYP000123363428,True,1,1,1,1.0
MGYP000123443956,True,1,1,1,1.0
MGYP000123622365,True,1,1,1,1.0
MGYP000123697713,True,1,1,1,1.0
MGYP000124400968,True,3,3,3,1.0
MGYP000126711775,True,1,1,1,1.0
MGYP000127399896,True,2,2,2,1.0
MGYP000128945414,True,2,2,2,1.0
MGYP000128988153,True,2,2,2,1.0
MGYP000129332144,True,3,3,3,1.0
MGYP000131589192,True,4,4,4,1.0
MGYP000132740053,True,1,1,1,1.0
MGYP000133214827,True,1,1,1,1.0
MGYP000133216789,True,2,2,2,1.0
MGYP000134236907,True,1,1,1,1.0
MGYP000134972950,True,1,1,1,1.0
MGYP000135109630,True,4,4,4,1.0
MGYP000135657848,True,3,3,3,1.0
MGYP000135842471,True,1,1,1,1.0
MGYP000136674478,True,1,1,1,1.0
MGYP000137535661,True,1,1,1,1.0
MGYP000138235558,True,3,3,3,1.0
MGYP000138278206,True,3,3,3,1.0
MGYP000138443174,True,1,1,1,1.0
MGYP000138513869,True,3,3,3,1.0
MGYP000138556474,True,2,2,2,1.0
MGYP000138756315,True,1,1,1,1.0
MGYP000141224851,True,1,1,1,1.0
MGYP000141440358,True,8,8,8,1.0
MGYP000141818038,True,3,3,3,1.0
MGYP000142051349,True,3,3,3,1.0
MGYP000142912458,True,1,1,1,1.0
MGYP000143223031,True,1,1,1,1.0
MGYP000144694406,True,3,3,3,1.0
MGYP000146615593,True,2,2,2,1.0
MGYP000146642196,True,2,2,2,1.0
MGYP000146664481,True,3,3,3,1.0
MGYP000147534213,True,3,3,3,1.0
MGYP000147725407,True,3,3,3,1.0
MGYP000149302245,True,1,1,1,1.0
MGYP000149541130,True,2,2,2,1.0
MGYP000149822740,True,1,1,1,1.0
MGYP000149991995,True,1,1,1,1.0
MGYP000150398195,True,2,2,2,1.0
MGYP000151774258,True,2,2,2,1.0
MGYP000152113376,True,3,3,3,1.0
MGYP000152352444,True,2,2,2,1.0
MGYP000152565668,True,3,3,3,1.0
MGYP000152763186,True,6,6,6,1.0
MGYP000153286693,True,1,1,1,1.0
MGYP000153570782,True,2,2,2,1.0
MGYP000153711597,True,6,6,6,1.0
MGYP000154000496,True,2,2,2,1.0
MGYP000154998071,True,1,1,1,1.0
MGYP000155314219,True,4,4,4,1.0
MGYP000155453683,True,8,8,8,1.0
MGYP000158801246,True,3,3,3,1.0
MGYP000158960465,True,3,3,3,1.0
MGYP000159439169,True,3,3,3,1.0
MGYP000159559592,True,3,3,3,1.0
MGYP000161609003,True,3,3,3,1.0
MGYP000164573063,True,4,4,4,1.0
MGYP000164654542,True,3,3,3,1.0
MGYP000165237529,True,3,3,3,1.0
MGYP000165809253,True,6,6,6,1.0
MGYP000166167540,True,10,10,10,1.0
MGYP000167502847,True,1,1,1,1.0
MGYP000167916847,True,1,1,1,1.0
MGYP000169766003,True,1,1,1,1.0
MGYP000170872015,True,6,6,6,1.0
MGYP000170992934,True,1,1,1,1.0
MGYP000173715521,True,4,4,4,1.0
MGYP000173852166,True,2,2,2,1.0
MGYP000175046448,True,3,3,3,1.0
MGYP000175392906,True,5,5,5,1.0
MGYP000175437490,True,1,1,1,1.0
MGYP000177232903,True,3,3,3,1.0
MGYP000178443787,True,9,9,9,1.0
MGYP000178924115,True,1,1,1,1.0
MGYP000179550134,True,1,1,1,1.0
MGYP000179594920,True,4,4,4,1.0
MGYP000179697945,True,1,1,1,1.0
MGYP000179706488,True,2,2,2,1.0
MGYP000179725536,True,1,1,1,1.0
MGYP000180148082,True,1,1,1,1.0
MGYP000181174023,True,1,1,1,1.0
MGYP000181323795,True,1,1,1,1.0
MGYP000182146919,True,4,4,4,1.0
MGYP000182328657,True,10,10,10,1.0
MGYP000182497598,True,2,2,2,1.0
MGYP000183346363,True,1,1,1,1.0
MGYP000183551527,True,7,7,7,1.0
MGYP000184669048,True,4,4,4,1.0
MGYP000184673287,True,3,3,3,1.0
MGYP000185301532,True,4,4,4,1.0
MGYP000185367580,True,1,1,1,1.0
MGYP000186163544,True,4,4,4,1.0
MGYP000187101215,True,7,7,7,1.0
MGYP000188183385,True,1,1,1,1.0
MGYP000188580967,True,3,3,3,1.0
MGYP000188607810,True,1,1,1,1.0
MGYP000189221953,True,2,2,2,1.0
MGYP000190178245,True,4,4,4,1.0
MGYP000190894087,True,1,1,1,1.0
MGYP000190912056,True,4,4,4,1.0
MGYP000193211252,True,3,3,3,1.0
MGYP000193392374,True,3,3,3,1.0
MGYP000194216568,True,1,1,1,1.0
MGYP000194353028,True,4,4,4,1.0
MGYP000194849485,True,1,1,1,1.0
MGYP000195150771,True,1,1,1,1.0
MGYP000196171269,True,2,2,2,1.0
MGYP000196371665,True,1,1,1,1.0
MGYP000196831793,True,2,2,2,1.0
MGYP000197289173,True,2,2,2,1.0
MGYP000197527522,True,11,11,11,1.0
MGYP000197884847,True,3,3,3,1.0
MGYP000198165136,True,6,6,6,1.0
MGYP000199734853,True,2,2,2,1.0
MGYP000200737615,True,1,1,1,1.0
MGYP000200916675,True,1,1,1,1.0
MGYP000201189449,True,4,4,4,1.0
MGYP000201552797,True,1,1,1,1.0
MGYP000201786613,True,1,1,1,1.0
MGYP000202266242,True,1,1,1,1.0
MGYP000203057509,True,1,1,1,1.0
MGYP000203222714,True,3,3,3,1.0
MGYP000203251517,True,1,1,1,1.0
MGYP000203423331,True,1,1,1,1.0
MGYP000203970500,True,3,3,3,1.0
MGYP000204509607,True,2,2,2,1.0
MGYP000204974674,True,1,1,1,1.0
MGYP000205193309,True,5,5,5,1.0
MGYP000205702447,True,5,5,5,1.0
MGYP000206014009,True,3,3,3,1.0
MGYP000206061543,True,2,2,2,1.0
MGYP000207840515,True,3,3,3,1.0
MGYP000208100033,True,2,2,2,1.0
MGYP000209156290,True,6,6,6,1.0
MGYP000210646840,True,3,3,3,1.0
MGYP000211521467,True,1,1,1,1.0
MGYP000212622486,True,9,9,9,1.0
MGYP000213165764,True,1,1,1,1.0
MGYP000213725523,True,2,2,2,1.0
MGYP000214846260,True,3,3,3,1.0
MGYP000215552161,True,3,3,3,1.0
MGYP000216404032,True,6,6,6,1.0
MGYP000216600447,True,4,4,4,1.0
MGYP000216716177,True,1,1,1,1.0
MGYP000216847324,True,1,1,1,1.0
MGYP000217175701,True,2,2,2,1.0
MGYP000218451623,True,1,1,1,1.0
MGYP000218585079,True,1,1,1,1.0
MGYP000219591956,True,1,1,1,1.0
MGYP000219936290,True,5,5,5,1.0
MGYP000220257023,True,1,1,1,1.0
MGYP000220371673,True,2,2,2,1.0
MGYP000220484556,True,2,2,2,1.0
MGYP000220666746,True,1,1,1,1.0
MGYP000220708130,True,1,1,1,1.0
MGYP000221071087,True,1,1,1,1.0
MGYP000222480839,True,1,1,1,1.0
MGYP000222608748,True,1,1,1,1.0
MGYP000225914310,True,1,1,1,1.0
MGYP000226940842,True,1,1,1,1.0
MGYP000227164555,True,2,2,2,1.0
MGYP000227609732,True,1,1,1,1.0
MGYP000227625913,True,4,4,4,1.0
MGYP000229596293,True,2,2,2,1.0
MGYP000229735498,True,1,1,1,1.0
MGYP000230161673,True,2,2,2,1.0
MGYP000231393652,True,4,4,4,1.0
MGYP000232184014,True,2,2,2,1.0
MGYP000233056007,True,2,2,2,1.0
MGYP000233313361,True,5,5,5,1.0
MGYP000233362017,True,1,1,1,1.0
MGYP000233848944,True,8,8,8,1.0
MGYP000234421417,True,1,1,1,1.0
MGYP000234427503,True,1,1,1,1.0
MGYP000234622978,True,1,1,1,1.0
MGYP000234845890,True,1,1,1,1.0
MGYP000235222147,True,1,1,1,1.0
MGYP000235487027,True,2,2,2,1.0
MGYP000235824214,True,8,8,8,1.0
MGYP000236088571,True,1,1,1,1.0
MGYP000236414231,True,5,5,5,1.0
MGYP000237346897,True,1,1,1,1.0
MGYP000237356450,True,2,2,2,1.0
MGYP000237694213,True,3,3,3,1.0
MGYP000237890202,True,1,1,1,1.0
MGYP000237902654,True,3,3,3,1.0
MGYP000238092501,True,1,1,1,1.0
MGYP000238134753,True,1,1,1,1.0
MGYP000238489710,True,3,3,3,1.0
MGYP000239019144,True,3,3,3,1.0
MGYP000239438226,True,1,1,1,1.0
MGYP000239872479,True,1,1,1,1.0
MGYP000240164305,True,3,3,3,1.0
MGYP000240467747,True,1,1,1,1.0
MGYP000241398130,True,3,3,3,1.0
MGYP000243200896,True,4,4,4,1.0
MGYP000243224167,True,1,1,1,1.0
MGYP000243563470,True,1,1,1,1.0
MGYP000243634354,True,5,5,5,1.0
MGYP000244559807,True,1,1,1,1.0
MGYP000244638050,True,1,1,1,1.0
MGYP000244670145,True,7,7,7,1.0
MGYP000245456084,True,1,1,1,1.0
MGYP000246105143,True,4,4,4,1.0
MGYP000246186056,True,1,1,1,1.0
MGYP000246292310,True,4,4,4,1.0
MGYP000246341896,True,9,9,9,1.0
MGYP000246521327,True,2,2,2,1.0
MGYP000246716386,True,1,1,1,1.0
MGYP000246718790,True,2,2,2,1.0
MGYP000247430498,True,1,1,1,1.0
MGYP000247526309,True,2,2,2,1.0
MGYP000249245227,True,1,1,1,1.0
MGYP000249447897,True,2,2,2,1.0
MGYP000249872151,True,2,2,2,1.0
MGYP000250233881,True,1,1,1,1.0
MGYP000250532207,True,2,2,2,1.0
MGYP000250604659,True,5,5,5,1.0
MGYP000250711951,True,5,5,5,1.0
MGYP000251459538,True,4,4,4,1.0
MGYP000252331654,True,1,1,1,1.0
MGYP000253031191,True,1,1,1,1.0
MGYP000255042600,True,1,1,1,1.0
MGYP000255294706,True,3,3,3,1.0
MGYP000256099255,True,3,3,3,1.0
MGYP000257318932,True,3,3,3,1.0
MGYP000258105747,True,1,1,1,1.0
MGYP000258700555,True,1,1,1,1.0
MGYP000258747484,True,1,1,1,1.0
MGYP000258804190,True,9,9,9,1.0
MGYP000258907471,True,1,1,1,1.0
MGYP000259174291,True,1,1,1,1.0
MGYP000260145829,True,1,1,1,1.0
MGYP000260192407,True,1,1,1,1.0
MGYP000260853430,True,8,8,8,1.0
MGYP000260963630,True,2,2,2,1.0
MGYP000261233238,True,3,3,3,1.0
MGYP000261547814,False,7,0,0,0.0
MGYP000261650696,True,1,1,1,1.0
MGYP000261961802,True,1,1,1,1.0
MGYP000263299117,True,1,1,1,1.0
MGYP000264513259,True,7,7,7,1.0
MGYP000264607508,True,3,3,3,1.0
MGYP000264650236,True,2,2,2,1.0
MGYP000264739893,True,3,3,3,1.0
MGYP000264971721,True,1,1,1,1.0
MGYP000266095750,True,2,2,2,1.0
MGYP000266350242,True,1,1,1,1.0
MGYP000267311274,True,2,2,2,1.0
MGYP000267486564,True,1,1,1,1.0
MGYP000267561313,True,9,9,9,1.0
MGYP000268992500,True,4,4,4,1.0
MGYP000270357880,True,4,4,4,1.0
MGYP000270825716,True,8,8,8,1.0
MGYP000271254517,True,1,1,1,1.0
MGYP000271873134,True,5,5,5,1.0
MGYP000273204909,True,4,4,4,1.0
MGYP000273364148,True,1,1,1,1.0
MGYP000273463359,True,3,3,3,1.0
MGYP000273481371,True,2,2,2,1.0
MGYP000273547711,True,3,3,3,1.0
MGYP000273644531,True,4,4,4,1.0
MGYP000274535844,True,2,2,2,1.0
MGYP000274901199,True,1,1,1,1.0
MGYP000275072576,True,5,5,5,1.0
MGYP000275563805,True,4,4,4,1.0
MGYP000276186973,True,1,1,1,1.0
MGYP000276622744,True,2,2,2,1.0
MGYP000276778224,True,3,3,3,1.0
MGYP000276913222,True,1,1,1,1.0
MGYP000277410230,True,3,3,3,1.0
MGYP000277428766,True,3,3,3,1.0
MGYP000277563436,True,1,1,1,1.0
MGYP000278751017,True,3,3,3,1.0
MGYP000278875222,True,1,1,1,1.0
MGYP000279187223,True,4,4,4,1.0
MGYP000279792050,True,4,4,4,1.0
MGYP000280669613,True,1,1,1,1.0
MGYP000281563098,True,2,2,2,1.0
MGYP000281590172,True,1,1,1,1.0
MGYP000281597838,True,3,3,3,1.0
MGYP000282213176,True,1,1,1,1.0
MGYP000282758683,True,3,3,3,1.0
MGYP000282982237,True,1,1,1,1.0
MGYP000283040707,True,2,2,2,1.0
MGYP000283707696,True,1,1,1,1.0
MGYP000284513363,True,1,1,1,1.0
MGYP000288028201,True,1,1,1,1.0
MGYP000288035725,True,1,1,1,1.0
MGYP000288290359,True,2,2,2,1.0
MGYP000288475834,True,1,1,1,1.0
MGYP000288897295,True,2,2,2,1.0
MGYP000289174223,True,1,1,1,1.0
MGYP000290433407,True,4,4,4,1.0
MGYP000290548124,True,4,4,4,1.0
MGYP000290743118,True,2,2,2,1.0
MGYP000291079196,True,1,1,1,1.0
MGYP000291166565,True,1,1,1,1.0
MGYP000291621019,True,2,2,2,1.0
MGYP000293329340,True,9,9,9,1.0
MGYP000294099601,True,2,2,2,1.0
MGYP000294730343,True,1,1,1,1.0
MGYP000294791860,True,2,2,2,1.0
MGYP000294899485,True,2,2,2,1.0
MGYP000295522639,True,1,1,1,1.0
MGYP000295715454,True,3,3,3,1.0
MGYP000296478129,True,1,1,1,1.0
MGYP000296848884,True,5,5,5,1.0
MGYP000298012865,True,2,2,2,1.0
MGYP000298440740,True,6,6,6,1.0
MGYP000298539804,True,5,5,5,1.0
MGYP000298747692,True,4,4,4,1.0
MGYP000299618354,True,1,1,1,1.0
MGYP000299998041,True,2,2,2,1.0
MGYP000300083779,True,8,8,8,1.0
MGYP000300651807,True,1,1,1,1.0
MGYP000301003313,True,7,7,7,1.0
MGYP000303279184,True,1,1,1,1.0
MGYP000303861242,True,3,3,3,1.0
MGYP000304627590,True,1,1,1,1.0
MGYP000305595971,True,2,2,2,1.0
MGYP000308507051,True,2,2,2,1.0
MGYP000308794339,True,1,1,1,1.0
MGYP000309242126,True,1,1,1,1.0
MGYP000310183068,True,5,5,5,1.0
MGYP000311475845,True,4,4,4,1.0
MGYP000311673219,True,4,4,4,1.0
MGYP000312254304,True,2,2,2,1.0
MGYP000312756898,True,4,4,4,1.0
MGYP000313873760,True,2,2,2,1.0
MGYP000313911750,True,2,2,2,1.0
MGYP000313940035,True,3,3,3,1.0
MGYP000314936353,True,1,1,1,1.0
MGYP000315111649,True,2,2,2,1.0
MGYP000315445416,True,1,1,1,1.0
MGYP000315628727,True,3,3,3,1.0
MGYP000316434883,True,2,2,2,1.0
MGYP000316886656,True,3,3,3,1.0
MGYP000318025308,True,3,3,3,1.0
MGYP000318122948,True,1,1,1,1.0
MGYP000319560946,True,2,2,2,1.0
MGYP000321305172,True,7,7,7,1.0
MGYP000321960613,True,1,1,1,1.0
MGYP000322928973,True,2,2,2,1.0
MGYP000323000689,True,4,4,4,1.0
MGYP000323626817,True,1,1,1,1.0
MGYP000323792027,True,1,1,1,1.0
MGYP000323823966,True,1,1,1,1.0
MGYP000327456366,True,3,3,3,1.0
MGYP000328991678,True,1,1,1,1.0
MGYP000329094593,True,4,4,4,1.0
MGYP000329475115,True,8,8,8,1.0
MGYP000330086308,True,1,1,1,1.0
MGYP000330400328,True,2,2,2,1.0
MGYP000330463620,True,1,1,1,1.0
MGYP000331695375,True,5,5,5,1.0
MGYP000331825889,True,3,3,3,1.0
MGYP000332096225,True,3,3,3,1.0
MGYP000332745744,True,3,3,3,1.0
MGYP000332827580,True,2,2,2,1.0
MGYP000332861111,True,1,1,1,1.0
MGYP000333523545,True,1,1,1,1.0
MGYP000336281736,True,1,1,1,1.0
MGYP000336747072,True,2,2,2,1.0
MGYP000336769802,True,8,8,8,1.0
MGYP000337689578,True,10,10,10,1.0
MGYP000337727429,True,1,1,1,1.0
MGYP000337943594,True,3,3,3,1.0
MGYP000338222125,True,1,1,1,1.0
MGYP000338311122,True,1,1,1,1.0
MGYP000340968912,True,4,4,4,1.0
MGYP000341124124,True,2,2,2,1.0
MGYP000341268617,True,2,2,2,1.0
MGYP000341355772,True,2,2,2,1.0
MGYP000341542639,True,2,2,2,1.0
MGYP000341841861,True,1,1,1,1.0
MGYP000341938564,True,8,8,8,1.0
MGYP000342175362,True,1,1,1,1.0
MGYP000342182318,True,4,4,4,1.0
MGYP000342357525,True,1,1,1,1.0
MGYP000342741705,True,1,1,1,1.0
MGYP000343353646,True,2,2,2,1.0
MGYP000343426575,True,1,1,1,1.0
MGYP000344770495,True,1,1,1,1.0
MGYP000346528737,True,4,4,4,1.0
MGYP000346622928,True,1,1,1,1.0
MGYP000346816744,True,4,4,4,1.0
MGYP000347497709,True,1,1,1,1.0
MGYP000347592941,True,2,2,2,1.0
MGYP000348019899,True,1,1,1,1.0
MGYP000348481927,True,1,1,1,1.0
MGYP000349397608,True,1,1,1,1.0
MGYP000349400946,True,1,1,1,1.0
MGYP000350026914,True,1,1,1,1.0
MGYP000350549781,True,3,3,3,1.0
MGYP000352293843,True,4,4,4,1.0
MGYP000352590377,True,3,3,3,1.0
MGYP000353529021,True,6,6,6,1.0
MGYP000353708276,True,1,1,1,1.0
MGYP000353758989,True,3,3,3,1.0
MGYP000353962708,True,1,1,1,1.0
MGYP000354442769,True,1,1,1,1.0
MGYP000355272102,True,3,3,3,1.0
MGYP000355291634,True,2,2,2,1.0
MGYP000355309174,True,2,2,2,1.0
MGYP000355395683,True,4,4,4,1.0
MGYP000355397127,True,5,5,5,1.0
MGYP000355666064,True,3,3,3,1.0
MGYP000356235241,True,2,2,2,1.0
MGYP000356314737,True,1,1,1,1.0
MGYP000356487177,True,1,1,1,1.0
MGYP000357182494,True,2,2,2,1.0
MGYP000357371950,True,1,1,1,1.0
MGYP000357607430,True,1,1,1,1.0
MGYP000358401388,True,1,1,1,1.0
MGYP000358415451,True,1,1,1,1.0
MGYP000358964247,True,7,7,7,1.0
MGYP000359868598,True,1,1,1,1.0
MGYP000360107053,True,3,3,3,1.0
MGYP000360702698,True,1,1,1,1.0
MGYP000361319643,True,1,1,1,1.0
MGYP000361739807,True,3,3,3,1.0
MGYP000362572620,True,1,1,1,1.0
MGYP000362657399,True,10,10,10,1.0
MGYP000362733355,True,1,1,1,1.0
MGYP000363660583,True,6,6,6,1.0
MGYP000364295158,True,1,1,1,1.0
MGYP000365056716,True,1,1,1,1.0
MGYP000365133712,True,3,3,3,1.0
MGYP000365474160,True,1,1,1,1.0
MGYP000365486463,True,1,1,1,1.0
MGYP000367575674,True,2,2,2,1.0
MGYP000367579393,True,2,2,2,1.0
MGYP000367761358,True,1,1,1,1.0
MGYP000369959825,True,2,2,2,1.0
MGYP000370266308,True,2,2,2,1.0
MGYP000370795900,True,2,2,2,1.0
MGYP000373368941,True,1,1,1,1.0
MGYP000374148859,True,1,1,1,1.0
MGYP000374573392,True,5,5,5,1.0
MGYP000375044747,True,2,2,2,1.0
MGYP000375373605,True,2,2,2,1.0
MGYP000375860726,True,3,3,3,1.0
MGYP000375940974,True,1,1,1,1.0
MGYP000375941462,True,2,2,2,1.0
MGYP000375956995,True,2,2,2,1.0
MGYP000376277234,True,1,1,1,1.0
MGYP000377385229,True,1,1,1,1.0
MGYP000379624181,True,3,3,3,1.0
MGYP000379633485,True,2,2,2,1.0
MGYP000380225679,True,3,3,3,1.0
MGYP000380288111,True,4,4,4,1.0
MGYP000380315147,True,1,1,1,1.0
MGYP000380504111,True,3,3,3,1.0
MGYP000380570884,True,1,1,1,1.0
MGYP000380684382,True,2,2,2,1.0
MGYP000381944319,True,1,1,1,1.0
MGYP000382499385,True,1,1,1,1.0
MGYP000383165406,True,3,3,3,1.0
MGYP000383268095,True,1,1,1,1.0
MGYP000384915556,True,1,1,1,1.0
MGYP000385507603,True,2,2,2,1.0
MGYP000387605215,True,1,1,1,1.0
MGYP000387890081,True,1,1,1,1.0
MGYP000389071391,True,4,4,4,1.0
MGYP000389160388,True,1,1,1,1.0
MGYP000390168109,True,1,1,1,1.0
MGYP000390777996,True,9,9,9,1.0
MGYP000391210506,True,1,1,1,1.0
MGYP000392325359,True,2,2,2,1.0
MGYP000392334946,True,3,3,3,1.0
MGYP000392699322,True,7,7,7,1.0
MGYP000393544188,True,9,9,9,1.0
MGYP000393782397,True,7,7,7,1.0
MGYP000393818313,True,1,1,1,1.0
MGYP000393990356,True,1,1,1,1.0
MGYP000394657816,True,2,2,2,1.0
MGYP000394975055,True,5,5,5,1.0
MGYP000396350692,True,1,1,1,1.0
MGYP000397963628,True,4,4,4,1.0
MGYP000398787220,True,2,2,2,1.0
MGYP000399515972,True,2,2,2,1.0
MGYP000399532948,True,2,2,2,1.0
MGYP000400139307,True,2,2,2,1.0
MGYP000400657212,True,6,6,6,1.0
MGYP000400708725,True,2,2,2,1.0
MGYP000400755638,True,3,3,3,1.0
MGYP000401410057,True,1,1,1,1.0
MGYP000403203977,True,3,3,3,1.0
MGYP000403888365,True,1,1,1,1.0
MGYP000404247409,True,2,2,2,1.0
MGYP000404993510,True,2,2,2,1.0
MGYP000406140143,True,7,7,7,1.0
MGYP000406559279,True,2,2,2,1.0
MGYP000406932037,True,2,2,2,1.0
MGYP000407981862,True,6,6,6,1.0
MGYP000408915214,True,1,1,1,1.0
MGYP000409332881,True,2,2,2,1.0
MGYP000409361367,True,1,1,1,1.0
MGYP000411500122,True,1,1,1,1.0
MGYP000411622153,True,1,1,1,1.0
MGYP000412637579,True,2,2,2,1.0
MGYP000412732630,True,4,4,4,1.0
MGYP000415011582,True,1,1,1,1.0
MGYP000415016590,True,2,2,2,1.0
MGYP000416050895,True,1,1,1,1.0
MGYP000416363847,True,5,5,5,1.0
MGYP000417446086,True,1,1,1,1.0
MGYP000417658276,True,1,1,1,1.0
MGYP000417730650,True,1,1,1,1.0
MGYP000418146393,True,1,1,1,1.0
MGYP000418437404,True,5,5,5,1.0
MGYP000420822732,True,3,3,3,1.0
MGYP000420987586,True,1,1,1,1.0
MGYP000422937425,True,3,3,3,1.0
MGYP000422963873,True,2,2,2,1.0
MGYP000423564394,True,1,1,1,1.0
MGYP000424126862,True,1,1,1,1.0
MGYP000426067442,True,1,1,1,1.0
MGYP000426282429,True,1,1,1,1.0
MGYP000426766931,True,1,1,1,1.0
MGYP000427051049,True,4,4,4,1.0
MGYP000427388916,True,1,1,1,1.0
MGYP000427479905,True,5,5,5,1.0
MGYP000429559406,True,1,1,1,1.0
MGYP000430201706,True,2,2,2,1.0
MGYP000430290236,True,1,1,1,1.0
MGYP000430772384,True,1,1,1,1.0
MGYP000431053574,True,1,1,1,1.0
MGYP000431790396,True,2,2,2,1.0
MGYP000432577377,True,1,1,1,1.0
MGYP000435943220,True,2,2,2,1.0
MGYP000436361024,True,1,1,1,1.0
MGYP000438745345,True,1,1,1,1.0
MGYP000438798366,True,1,1,1,1.0
MGYP000438986032,True,7,7,7,1.0
MGYP000440687933,True,2,2,2,1.0
MGYP000440808871,True,1,1,1,1.0
MGYP000440888533,True,3,3,3,1.0
MGYP000441100245,True,1,1,1,1.0
MGYP000441832513,True,3,3,3,1.0
MGYP000441849817,True,2,2,2,1.0
MGYP000442035412,True,3,3,3,1.0
MGYP000442170956,True,1,1,1,1.0
MGYP000442428432,True,5,5,5,1.0
MGYP000443332999,True,4,4,4,1.0
MGYP000443333821,True,4,4,4,1.0
MGYP000443660832,True,1,1,1,1.0
MGYP000443726083,True,1,1,1,1.0
MGYP000444787262,True,1,1,1,1.0
MGYP000445395437,True,3,3,3,1.0
MGYP000446650977,True,1,1,1,1.0
MGYP000446725522,True,1,1,1,1.0
MGYP000446931268,True,6,6,6,1.0
MGYP000448379595,True,4,4,4,1.0
MGYP000450812715,True,3,3,3,1.0
MGYP000451923007,True,4,4,4,1.0
MGYP000451974607,True,3,3,3,1.0
MGYP000453200224,True,1,1,1,1.0
MGYP000453983963,True,8,8,8,1.0
MGYP000454329823,True,4,4,4,1.0
MGYP000454334686,True,2,2,2,1.0
MGYP000454881457,True,2,2,2,1.0
MGYP000455419725,True,1,1,1,1.0
MGYP000455529703,True,1,1,1,1.0
MGYP000455780824,True,4,4,4,1.0
MGYP000456101988,True,1,1,1,1.0
MGYP000456234129,True,2,2,2,1.0
MGYP000456905978,True,1,1,1,1.0
MGYP000457191051,True,3,3,3,1.0
MGYP000457253133,True,3,3,3,1.0
MGYP000457740084,True,2,2,2,1.0
MGYP000459508121,True,1,1,1,1.0
MGYP000462788251,True,4,4,4,1.0
MGYP000462869219,True,2,2,2,1.0
MGYP000462893749,True,1,1,1,1.0
MGYP000463752767,True,1,1,1,1.0
MGYP000464383938,True,1,1,1,1.0
MGYP000464843591,True,1,1,1,1.0
MGYP000465110853,True,3,3,3,1.0
MGYP000465132975,True,4,4,4,1.0
MGYP000465690201,True,2,2,2,1.0
MGYP000466304129,True,3,3,3,1.0
MGYP000466624144,True,3,3,3,1.0
MGYP000467406658,True,1,1,1,1.0
MGYP000467782113,True,1,1,1,1.0
MGYP000467958037,True,5,5,5,1.0
MGYP000468418331,True,2,2,2,1.0
MGYP000469284569,True,1,1,1,1.0
MGYP000469378520,True,6,6,6,1.0
MGYP000469504326,True,4,4,4,1.0
MGYP000470192899,True,3,3,3,1.0
MGYP000470821905,True,3,3,3,1.0
MGYP000470851535,True,5,5,5,1.0
MGYP000473161293,True,7,7,7,1.0
MGYP000473401077,True,1,1,1,1.0
MGYP000474124144,True,3,3,3,1.0
MGYP000474244033,True,2,2,2,1.0
MGYP000474999618,True,4,4,4,1.0
MGYP000475062593,True,4,4,4,1.0
MGYP000475668395,True,2,2,2,1.0
MGYP000476091163,True,1,1,1,1.0
MGYP000476273155,True,2,2,2,1.0
MGYP000476388156,True,1,1,1,1.0
MGYP000476750198,True,1,1,1,1.0
MGYP000477217017,True,7,7,7,1.0
MGYP000477637405,True,1,1,1,1.0
MGYP000477833835,True,1,1,1,1.0
MGYP000478349507,True,4,4,4,1.0
MGYP000478620029,True,2,2,2,1.0
MGYP000479130714,True,1,1,1,1.0
MGYP000479270592,True,2,2,2,1.0
MGYP000479657566,True,13,13,13,1.0
MGYP000479668994,True,2,2,2,1.0
MGYP000479747997,True,1,1,1,1.0
MGYP000480562602,True,9,9,9,1.0
MGYP000480581171,True,3,3,3,1.0
MGYP000480616269,True,1,1,1,1.0
MGYP000480797456,True,3,3,3,1.0
MGYP000480886136,True,1,1,1,1.0
MGYP000480892833,True,1,1,1,1.0
MGYP000482405041,True,2,2,2,1.0
MGYP000482704121,True,10,10,10,1.0
MGYP000483026458,True,3,3,3,1.0
MGYP000483145182,True,2,2,2,1.0
MGYP000483544061,True,1,1,1,1.0
MGYP000483804105,True,2,2,2,1.0
MGYP000485029127,True,2,2,2,1.0
MGYP000485276332,True,2,2,2,1.0
MGYP000485442138,True,1,1,1,1.0
MGYP000485766409,True,13,13,13,1.0
MGYP000486223475,True,2,2,2,1.0
MGYP000486913345,True,1,1,1,1.0
MGYP000487908702,True,3,3,3,1.0
MGYP000488107018,True,2,2,2,1.0
MGYP000489508899,True,1,1,1,1.0
MGYP000489597870,True,3,3,3,1.0
MGYP000490301583,True,2,2,2,1.0
MGYP000490399495,True,1,1,1,1.0
MGYP000491592243,True,2,2,2,1.0
MGYP000491981697,True,2,2,2,1.0
MGYP000492032017,True,6,6,6,1.0
MGYP000492067012,True,1,1,1,1.0
MGYP000492389992,True,5,5,5,1.0
MGYP000493179830,True,3,3,3,1.0
MGYP000493190179,True,1,1,1,1.0
MGYP000493190496,True,3,3,3,1.0
MGYP000493661283,True,1,1,1,1.0
MGYP000493964291,True,2,2,2,1.0
MGYP000494137928,True,3,3,3,1.0
MGYP000494700238,True,1,1,1,1.0
MGYP000495020486,True,2,2,2,1.0
MGYP000495174477,True,5,5,5,1.0
MGYP000495509079,True,13,13,13,1.0
MGYP000495650755,True,1,1,1,1.0
MGYP000496950558,True,2,2,2,1.0
MGYP000498748979,True,2,2,2,1.0
MGYP000499185207,True,4,4,4,1.0
MGYP000499212442,True,3,3,3,1.0
MGYP000499695823,True,1,1,1,1.0
MGYP000499786934,True,7,7,7,1.0
MGYP000500885956,True,6,6,6,1.0
MGYP000500993560,True,3,3,3,1.0
MGYP000501125576,True,1,1,1,1.0
MGYP000501139980,True,1,1,1,1.0
MGYP000502866592,True,1,1,1,1.0
MGYP000502938783,True,3,3,3,1.0
MGYP000502961105,True,2,2,2,1.0
MGYP000503089690,True,1,1,1,1.0
MGYP000503285012,True,3,3,3,1.0
MGYP000503946281,True,5,5,5,1.0
MGYP000504608767,True,1,1,1,1.0
MGYP000505683790,True,2,2,2,1.0
MGYP000505753764,True,6,6,6,1.0
MGYP000506194124,True,3,3,3,1.0
MGYP000506779292,True,1,1,1,1.0
MGYP000507251573,True,1,1,1,1.0
MGYP000508090538,True,1,1,1,1.0
MGYP000508573089,True,1,1,1,1.0
MGYP000508869556,True,5,5,5,1.0
MGYP000508884413,True,2,2,2,1.0
MGYP000510265884,True,1,1,1,1.0
MGYP000510347055,True,2,2,2,1.0
MGYP000510972492,True,2,2,2,1.0
MGYP000511517491,True,9,9,9,1.0
MGYP000511587542,True,3,3,3,1.0
MGYP000511697882,True,1,1,1,1.0
MGYP000512237597,True,4,4,4,1.0
MGYP000513731949,True,2,2,2,1.0
MGYP000514496933,True,1,1,1,1.0
MGYP000514527254,True,1,1,1,1.0
MGYP000514972356,True,3,3,3,1.0
MGYP000515160264,True,1,1,1,1.0
MGYP000517469583,True,3,3,3,1.0
MGYP000517741313,True,1,1,1,1.0
MGYP000517755626,True,1,1,1,1.0
MGYP000517817256,True,1,1,1,1.0
MGYP000517861958,True,1,1,1,1.0
MGYP000518417435,True,1,1,1,1.0
MGYP000518850337,True,1,1,1,1.0
MGYP000518924534,True,2,2,2,1.0
MGYP000519085396,True,8,8,8,1.0
MGYP000520500306,True,2,2,2,1.0
MGYP000520569197,True,3,3,3,1.0
MGYP000520648447,True,1,1,1,1.0
MGYP000520676121,True,4,4,4,1.0
MGYP000520726812,True,2,2,2,1.0
MGYP000520890514,True,4,4,4,1.0
MGYP000521137172,True,2,2,2,1.0
MGYP000521143920,True,1,1,1,1.0
MGYP004556356809,True,1,1,1,1.0
MGYP004556393527,True,1,1,1,1.0
MGYP004556401113,True,1,1,1,1.0
MGYP004556412353,True,1,1,1,1.0
MGYP004556464527,True,2,2,2,1.0
MGYP004556513893,True,1,1,1,1.0
MGYP004556575527,True,1,1,1,1.0
MGYP004556589991,True,4,4,4,1.0
MGYP004556614211,True,1,1,1,1.0
MGYP004556619353,True,3,3,3,1.0
MGYP004556638113,True,1,1,1,1.0
MGYP004556650193,True,3,3,3,1.0
MGYP004556654193,True,5,5,5,1.0
MGYP004556683211,True,5,5,5,1.0
MGYP004556702103,True,3,3,3,1.0
MGYP004556721527,True,3,3,3,1.0
MGYP004556760103,True,1,1,1,1.0
MGYP004556772211,True,2,2,2,1.0
MGYP004556803893,True,3,3,3,1.0
MGYP004556852353,True,1,1,1,1.0
MGYP004556921353,True,5,5,5,1.0
MGYP004556936113,True,4,4,4,1.0
MGYP004556936139,True,1,1,1,1.0
MGYP004556936211,True,4,4,4,1.0
MGYP004556973893,True,1,1,1,1.0
MGYP004556994527,True,1,1,1,1.0
MGYP004557030139,True,2,2,2,1.0
MGYP004557053353,True,1,1,1,1.0
MGYP004557080103,True,3,3,3,1.0
MGYP004557094211,True,5,5,5,1.0
MGYP004557103211,True,3,3,3,1.0
MGYP004557119103,True,2,2,2,1.0
MGYP004557148103,True,1,1,1,1.0
MGYP004557186991,True,5,5,5,1.0
MGYP004557206139,True,1,1,1,1.0
MGYP004557274809,True,2,2,2,1.0
MGYP004557276991,True,6,6,6,1.0
MGYP004557304809,True,6,6,6,1.0
MGYP004557353113,True,1,1,1,1.0
MGYP004557355113,True,1,1,1,1.0
MGYP004557385113,True,2,2,2,1.0
MGYP004557447211,True,1,1,1,1.0
MGYP004557468103,True,5,5,5,1.0
MGYP004557472103,True,1,1,1,1.0
MGYP004557475991,True,2,2,2,1.0
MGYP004557477893,True,1,1,1,1.0
MGYP004557520893,True,2,2,2,1.0
MGYP004557523893,True,4,4,4,1.0
MGYP004557581103,True,1,1,1,1.0
MGYP004557599353,True,11,11,11,1.0
MGYP004557616353,True,1,1,1,1.0
MGYP004557626809,True,1,1,1,1.0
MGYP004557642353,True,1,1,1,1.0
MGYP004557645139,True,4,4,4,1.0
MGYP004557681139,True,1,1,1,1.0
MGYP004557734113,True,1,1,1,1.0
MGYP004557771113,True,2,2,2,1.0
MGYP004557781139,True,3,3,3,1.0
MGYP004557785113,True,3,3,3,1.0
MGYP004557790893,True,4,4,4,1.0
MGYP004557792809,True,2,2,2,1.0
MGYP004557878353,True,1,1,1,1.0
MGYP004557897113,True,2,2,2,1.0
MGYP004557915353,True,1,1,1,1.0
MGYP004557918211,True,2,2,2,1.0
MGYP004557926353,True,1,1,1,1.0
MGYP004557931211,True,5,5,5,1.0
MGYP004557935893,True,8,8,8,1.0
MGYP004558004113,True,3,3,3,1.0
MGYP004558015809,True,1,1,1,1.0
MGYP004558040527,True,1,1,1,1.0
MGYP004558076103,True,4,4,4,1.0
MGYP004558082193,True,1,1,1,1.0
MGYP004558084527,True,4,4,4,1.0
MGYP004558091103,True,2,2,2,1.0
MGYP004558147211,True,3,3,3,1.0
MGYP004558162893,True,2,2,2,1.0
MGYP004558186139,True,1,1,1,1.0
MGYP004558200139,True,1,1,1,1.0
MGYP004558208193,True,1,1,1,1.0
MGYP004558242893,True,1,1,1,1.0
MGYP004558264139,True,3,3,3,1.0
MGYP004558299809,True,2,2,2,1.0
MGYP004558326113,True,3,3,3,1.0
MGYP004558363353,True,7,7,7,1.0
MGYP004558390809,True,1,1,1,1.0
MGYP004558391139,True,1,1,1,1.0
MGYP004558403353,True,8,8,8,1.0
MGYP004558414527,True,1,1,1,1.0
MGYP004558479139,True,2,2,2,1.0
MGYP004558524139,True,4,4,4,1.0
MGYP004558532353,True,3,3,3,1.0
MGYP004558536527,True,7,7,7,1.0
MGYP004558548139,True,1,1,1,1.0
MGYP004558548353,True,11,11,11,1.0
MGYP004558573991,True,2,2,2,1.0
MGYP004558586113,True,2,2,2,1.0
MGYP004558605809,True,3,3,3,1.0
MGYP004558614211,True,2,2,2,1.0
MGYP004558621527,True,3,3,3,1.0
MGYP004558650893,True,4,4,4,1.0
MGYP004558655527,True,2,2,2,1.0
MGYP004558660527,True,1,1,1,1.0
MGYP004558674991,True,1,1,1,1.0
MGYP004558692991,True,14,14,14,1.0
MGYP004558735211,True,2,2,2,1.0
MGYP004558760113,True,2,2,2,1.0
MGYP004558762211,True,1,1,1,1.0
MGYP004558762991,True,3,3,3,1.0
MGYP004558798893,True,4,4,4,1.0
MGYP004558809211,True,1,1,1,1.0
MGYP004558818893,True,2,2,2,1.0
MGYP004558859193,True,2,2,2,1.0
MGYP004558868193,True,5,5,5,1.0
MGYP004558931991,True,1,1,1,1.0
MGYP004558952527,True,1,1,1,1.0
MGYP004558978113,True,2,2,2,1.0
MGYP004558978527,True,1,1,1,1.0
MGYP004559008139,True,1,1,1,1.0
MGYP004559023809,True,1,1,1,1.0
MGYP004559054193,True,3,3,3,1.0
MGYP004559055193,True,1,1,1,1.0
MGYP004559105103,True,1,1,1,1.0
MGYP004559245893,True,1,1,1,1.0
MGYP004559267211,True,3,3,3,1.0
MGYP004559290113,True,4,4,4,1.0
MGYP004559326527,True,4,4,4,1.0
MGYP004559344103,True,2,2,2,1.0
MGYP004559351103,True,3,3,3,1.0
MGYP004559368193,True,3,3,3,1.0
MGYP004559381139,True,5,5,5,1.0
MGYP004559399991,True,4,4,4,1.0
MGYP004559410211,True,1,1,1,1.0
MGYP004559427527,True,1,1,1,1.0
MGYP004559457353,True,2,2,2,1.0
MGYP004559476103,True,1,1,1,1.0
MGYP004559491527,True,1,1,1,1.0
MGYP004559512527,True,1,1,1,1.0
MGYP004559520139,True,3,3,3,1.0
MGYP004559520193,True,1,1,1,1.0
MGYP004559536113,True,3,3,3,1.0
MGYP004559566991,True,3,3,3,1.0
MGYP004559631193,True,1,1,1,1.0
MGYP004559640113,True,1,1,1,1.0
MGYP004559641103,True,1,1,1,1.0
MGYP004559645211,True,1,1,1,1.0
MGYP004559697353,True,1,1,1,1.0
MGYP004559707193,True,1,1,1,1.0
MGYP004559729893,True,2,2,2,1.0
MGYP004559811113,True,2,2,2,1.0
MGYP004559812991,True,2,2,2,1.0
MGYP004559834103,True,2,2,2,1.0
MGYP004559836527,True,4,4,4,1.0
MGYP004559849193,True,1,1,1,1.0
MGYP004559851193,True,1,1,1,1.0
MGYP004559871353,True,3,3,3,1.0
MGYP004559918527,True,5,5,5,1.0
MGYP004559919103,True,1,1,1,1.0
MGYP004559919113,True,1,1,1,1.0
MGYP004559933893,True,1,1,1,1.0
MGYP004559970211,True,2,2,2,1.0
MGYP004560036353,True,2,2,2,1.0
MGYP004560124809,True,1,1,1,1.0
MGYP004560150893,True,1,1,1,1.0
MGYP004560161893,True,2,2,2,1.0
MGYP004560171211,True,1,1,1,1.0
MGYP004560174893,True,1,1,1,1.0
MGYP004560190809,True,4,4,4,1.0
MGYP004560337103,True,3,3,3,1.0
MGYP004560373113,True,1,1,1,1.0
MGYP004560385103,True,3,3,3,1.0
MGYP004560455527,True,6,6,6,1.0
MGYP004560488103,True,1,1,1,1.0
MGYP004560498353,True,1,1,1,1.0
MGYP004560503211,True,4,4,4,1.0
MGYP004560514353,True,1,1,1,1.0
MGYP004560517809,True,1,1,1,1.0
MGYP004560519103,True,5,5,5,1.0
MGYP004560572991,True,1,1,1,1.0
MGYP004560580113,True,4,4,4,1.0
MGYP004560623211,True,1,1,1,1.0
MGYP004560624893,True,1,1,1,1.0
MGYP004560629809,True,4,4,4,1.0
MGYP004560703353,True,3,3,3,1.0
MGYP004560710193,True,2,2,2,1.0
MGYP004560744809,True,3,3,3,1.0
MGYP004560784113,True,1,1,1,1.0
MGYP004560791893,True,9,9,9,1.0
MGYP004560806211,True,1,1,1,1.0
MGYP004560828809,True,3,3,3,1.0
MGYP004560878527,True,1,1,1,1.0
MGYP004560968211,True,1,1,1,1.0
MGYP004561004353,True,3,3,3,1.0
MGYP004561042353,True,2,2,2,1.0
MGYP004561061527,True,4,4,4,1.0
MGYP004561084113,True,1,1,1,1.0
MGYP004561139211,True,6,6,6,1.0
MGYP004561230527,True,1,1,1,1.0
MGYP004561247103,True,1,1,1,1.0
MGYP004561286991,True,2,2,2,1.0
MGYP004561290527,True,1,1,1,1.0
MGYP004561313211,True,9,9,9,1.0
MGYP004561345139,True,3,3,3,1.0
MGYP004561350211,True,2,2,2,1.0
MGYP004561410211,True,2,2,2,1.0
MGYP004561424527,True,1,1,1,1.0
MGYP004561462893,True,6,6,6,1.0
MGYP004561487193,True,1,1,1,1.0
MGYP004561511809,True,1,1,1,1.0
MGYP004561545353,True,2,2,2,1.0
MGYP004561616809,True,2,2,2,1.0
MGYP004561617139,True,2,2,2,1.0
MGYP004561643527,True,4,4,4,1.0
MGYP004561658103,True,3,3,3,1.0
MGYP004561730893,True,5,5,5,1.0
MGYP004561784353,True,1,1,1,1.0
MGYP004561786893,True,2,2,2,1.0
MGYP004561835211,True,2,2,2,1.0
MGYP004561854893,True,1,1,1,1.0
MGYP004561879113,True,1,1,1,1.0
MGYP004561904527,True,3,3,3,1.0
MGYP004561908893,True,2,2,2,1.0
MGYP004561920353,True,2,2,2,1.0
MGYP004561971353,True,4,4,4,1.0
MGYP004561986193,True,1,1,1,1.0
MGYP004561992527,True,2,2,2,1.0
MGYP004561999211,True,5,5,5,1.0
MGYP004562025991,True,3,3,3,1.0
MGYP004562055211,True,1,1,1,1.0
MGYP004562073893,True,3,3,3,1.0
MGYP004562110353,True,1,1,1,1.0
MGYP004562159809,True,2,2,2,1.0
MGYP004562174113,True,1,1,1,1.0
MGYP004562179809,True,2,2,2,1.0
MGYP004562209527,True,2,2,2,1.0
MGYP004562241211,True,4,4,4,1.0
MGYP004562255193,True,5,5,5,1.0
MGYP004562260139,True,1,1,1,1.0
MGYP004562273991,True,2,2,2,1.0
MGYP004562289809,True,4,4,4,1.0
MGYP004562305113,True,1,1,1,1.0
MGYP004562326527,True,2,2,2,1.0
MGYP004562328193,True,2,2,2,1.0
MGYP004562353103,True,3,3,3,1.0
MGYP004562367809,True,2,2,2,1.0
MGYP004562370211,True,4,4,4,1.0
MGYP004562375893,True,6,6,6,1.0
MGYP004562418991,True,1,1,1,1.0
MGYP004562472353,True,1,1,1,1.0
MGYP004562516103,True,4,4,4,1.0
MGYP004562577809,True,5,5,5,1.0
MGYP004562630991,True,2,2,2,1.0
MGYP004562644991,True,2,2,2,1.0
MGYP004562696809,True,3,3,3,1.0
MGYP004562709353,True,1,1,1,1.0
MGYP004562714527,True,1,1,1,1.0
MGYP004562765527,True,3,3,3,1.0
MGYP004562793193,True,2,2,2,1.0
MGYP004562797103,True,1,1,1,1.0
MGYP004562845893,True,3,3,3,1.0
MGYP004562856809,True,5,5,5,1.0
MGYP004562939139,True,1,1,1,1.0
MGYP004562942527,True,2,2,2,1.0
MGYP004563035527,True,1,1,1,1.0
MGYP004563066113,True,5,5,5,1.0
MGYP004563240139,True,2,2,2,1.0
MGYP004563241211,True,1,1,1,1.0
MGYP004563253113,True,1,1,1,1.0
MGYP004563274527,True,1,1,1,1.0
MGYP004563276353,True,6,6,6,1.0
MGYP004563313353,True,1,1,1,1.0
MGYP004563320113,True,3,3,3,1.0
MGYP004563326193,True,2,2,2,1.0
MGYP004563342211,True,2,2,2,1.0
MGYP004563375193,True,1,1,1,1.0
MGYP004563395893,True,3,3,3,1.0
MGYP004563399193,True,1,1,1,1.0
MGYP004563412113,True,3,3,3,1.0
MGYP004563460211,True,8,8,8,1.0
MGYP004563525893,True,1,1,1,1.0
MGYP004563560353,True,4,4,4,1.0
MGYP004563614103,True,3,3,3,1.0
MGYP004563677103,True,1,1,1,1.0
MGYP004563685211,True,3,3,3,1.0
MGYP004563699113,True,3,3,3,1.0
MGYP004563706139,True,2,2,2,1.0
MGYP004563708139,True,2,2,2,1.0
MGYP004563741893,True,1,1,1,1.0
MGYP004563759893,True,1,1,1,1.0
MGYP004563775991,True,2,2,2,1.0
MGYP004563880353,True,5,5,5,1.0
MGYP004563930527,True,2,2,2,1.0
MGYP004563953809,True,4,4,4,1.0
MGYP004563996103,True,3,3,3,1.0
MGYP004564037353,True,1,1,1,1.0
MGYP004564061211,True,6,6,6,1.0
MGYP004564124527,True,2,2,2,1.0
MGYP004564137893,True,1,1,1,1.0
MGYP004564159193,True,1,1,1,1.0
MGYP004564203527,True,1,1,1,1.0
MGYP004564216103,True,2,2,2,1.0
MGYP004564222103,True,1,1,1,1.0
MGYP004564233353,True,2,2,2,1.0
MGYP004564243193,True,4,4,4,1.0
MGYP004564284113,True,3,3,3,1.0
MGYP004564310211,True,1,1,1,1.0
MGYP004564318893,True,3,3,3,1.0
MGYP004564320893,True,4,4,4,1.0
MGYP004564331211,True,3,3,3,1.0
MGYP004564339113,True,2,2,2,1.0
MGYP004564399353,True,2,2,2,1.0
MGYP004564429353,True,1,1,1,1.0
MGYP004564470193,True,2,2,2,1.0
MGYP004564551527,True,8,8,8,1.0
MGYP004564552893,True,2,2,2,1.0
MGYP004564575103,True,3,3,3,1.0
MGYP004564578211,True,1,1,1,1.0
MGYP004564627113,True,1,1,1,1.0
MGYP004564648193,True,2,2,2,1.0
MGYP004564650809,True,1,1,1,1.0
MGYP004564703527,True,1,1,1,1.0
MGYP004564725991,True,3,3,3,1.0
MGYP004564764113,True,3,3,3,1.0
MGYP004564815113,True,1,1,1,1.0
MGYP004564865211,True,2,2,2,1.0
MGYP004564921991,True,2,2,2,1.0
MGYP004564927103,True,2,2,2,1.0
MGYP004564945809,True,1,1,1,1.0
MGYP004564963193,True,4,4,4,1.0
MGYP004564970893,True,4,4,4,1.0
MGYP004565029527,True,1,1,1,1.0
MGYP004565109353,True,3,3,3,1.0
MGYP004565118991,True,2,2,2,1.0
MGYP004565131527,True,3,3,3,1.0
MGYP004565190113,True,1,1,1,1.0
MGYP004565210809,True,5,5,5,1.0
MGYP004565227353,True,1,1,1,1.0
MGYP004565239113,True,5,5,5,1.0
MGYP004565268193,True,4,4,4,1.0
MGYP004565296113,True,2,2,2,1.0
MGYP004565335809,True,1,1,1,1.0
MGYP004565366893,True,1,1,1,1.0
MGYP004565372809,True,1,1,1,1.0
MGYP004565387139,True,3,3,3,1.0
MGYP004565387211,True,1,1,1,1.0
MGYP004565437103,True,2,2,2,1.0
MGYP004565443193,True,2,2,2,1.0
MGYP004565450353,True,4,4,4,1.0
MGYP004565469809,True,1,1,1,1.0
MGYP004565480527,True,2,2,2,1.0
MGYP004565507103,True,5,5,5,1.0
MGYP004565540113,True,2,2,2,1.0
MGYP004565575103,True,5,5,5,1.0
MGYP004565578103,True,1,1,1,1.0
MGYP004565588139,True,1,1,1,1.0
MGYP004565589991,True,1,1,1,1.0
MGYP004565593193,True,1,1,1,1.0
MGYP004565609139,True,1,1,1,1.0
MGYP004565623113,True,1,1,1,1.0
MGYP004565631211,True,3,3,3,1.0
MGYP004565644353,True,3,3,3,1.0
MGYP004565646527,True,1,1,1,1.0
MGYP004565706211,True,1,1,1,1.0
MGYP004565708193,True,1,1,1,1.0
MGYP004565719193,True,3,3,3,1.0
MGYP004565754527,True,2,2,2,1.0
MGYP004565765193,True,4,4,4,1.0
MGYP004565770527,True,2,2,2,1.0
MGYP004565775193,True,3,3,3,1.0
MGYP004565781527,True,1,1,1,1.0
MGYP004565799893,True,2,2,2,1.0
MGYP004565835211,True,1,1,1,1.0
MGYP004565843113,True,1,1,1,1.0
MGYP004565887113,True,5,5,5,1.0
MGYP004565887211,True,1,1,1,1.0
MGYP004565927527,True,8,8,8,1.0
MGYP004565936527,True,1,1,1,1.0
MGYP004565948113,True,3,3,3,1.0
MGYP004565987893,True,1,1,1,1.0
MGYP004565999809,True,2,2,2,1.0
MGYP004566031809,True,3,3,3,1.0
MGYP004566044353,True,4,4,4,1.0
MGYP004566061113,True,1,1,1,1.0
MGYP004566074809,True,2,2,2,1.0
MGYP004566094353,True,1,1,1,1.0
MGYP004566111991,True,4,4,4,1.0
MGYP004566157809,True,1,1,1,1.0
MGYP004566162113,True,1,1,1,1.0
MGYP004566232139,True,8,8,8,1.0
MGYP004566252527,True,3,3,3,1.0
MGYP004566335809,True,1,1,1,1.0
MGYP004566337893,True,4,4,4,1.0
MGYP004566352113,True,6,6,6,1.0
MGYP004566362893,True,2,2,2,1.0
MGYP004566384893,True,1,1,1,1.0
MGYP004566429991,True,3,3,3,1.0
MGYP004566446893,True,2,2,2,1.0
MGYP004566477527,True,3,3,3,1.0
MGYP004566502193,True,1,1,1,1.0
MGYP004566510353,True,1,1,1,1.0
MGYP004566517991,True,4,4,4,1.0
MGYP004566547527,True,2,2,2,1.0
MGYP004566557103,True,2,2,2,1.0
MGYP004566579809,True,1,1,1,1.0
MGYP004566610991,True,5,5,5,1.0
MGYP004566721527,True,1,1,1,1.0
MGYP004566723193,True,1,1,1,1.0
MGYP004566744103,True,1,1,1,1.0
MGYP004566768527,True,5,5,5,1.0
MGYP004566770991,True,3,3,3,1.0
MGYP004566771991,True,1,1,1,1.0
MGYP004566796991,True,1,1,1,1.0
MGYP004566803139,True,2,2,2,1.0
MGYP004566815527,True,4,4,4,1.0
MGYP004566817103,True,2,2,2,1.0
MGYP004566842139,True,2,2,2,1.0
MGYP004566851527,True,1,1,1,1.0
MGYP004566862991,True,1,1,1,1.0
MGYP004566873211,True,1,1,1,1.0
MGYP004566906113,True,2,2,2,1.0
MGYP004566932991,True,9,9,9,1.0
MGYP004567037527,True,1,1,1,1.0
MGYP004567051353,True,2,2,2,1.0
MGYP004567061527,True,3,3,3,1.0
MGYP004567088353,True,1,1,1,1.0
MGYP004567107211,True,1,1,1,1.0
MGYP004567129809,True,3,3,3,1.0
MGYP004567137809,True,5,5,5,1.0
MGYP004567164991,True,3,3,3,1.0
MGYP004567180113,True,1,1,1,1.0
MGYP004567198139,True,2,2,2,1.0
MGYP004567218211,True,5,5,5,1.0
MGYP004567221353,True,5,5,5,1.0
MGYP004567242103,True,1,1,1,1.0
MGYP004567265211,True,1,1,1,1.0
MGYP004567283353,True,1,1,1,1.0
MGYP004567329113,True,1,1,1,1.0
MGYP004567345211,True,1,1,1,1.0
MGYP004567418139,True,2,2,2,1.0
MGYP004567515991,True,5,5,5,1.0
MGYP004567538113,True,1,1,1,1.0
MGYP004567544139,True,2,2,2,1.0
MGYP004567624113,True,2,2,2,1.0
MGYP004567659113,True,4,4,4,1.0
MGYP004567707893,True,1,1,1,1.0
MGYP004567709113,True,1,1,1,1.0
MGYP004567742991,True,1,1,1,1.0
MGYP004567773211,True,2,2,2,1.0
MGYP004567780991,True,1,1,1,1.0
MGYP004567821991,True,2,2,2,1.0
MGYP004567822113,True,3,3,3,1.0
MGYP004567842139,True,1,1,1,1.0
MGYP004567844893,True,1,1,1,1.0
MGYP004567857211,True,2,2,2,1.0
MGYP004567868809,True,5,5,5,1.0
MGYP004567872809,True,11,11,11,1.0
MGYP004567891353,True,2,2,2,1.0
MGYP004567909139,True,2,2,2,1.0
MGYP004567911893,True,4,4,4,1.0
MGYP004567930103,True,11,11,11,1.0
MGYP004567951353,True,2,2,2,1.0
MGYP004568115103,True,1,1,1,1.0
MGYP004568129193,True,2,2,2,1.0
MGYP004568156809,True,2,2,2,1.0
MGYP004568162211,True,1,1,1,1.0
MGYP004568170211,True,4,4,4,1.0
MGYP004568177809,True,3,3,3,1.0
MGYP004568192991,True,1,1,1,1.0
MGYP004568193991,True,2,2,2,1.0
MGYP004568229353,True,1,1,1,1.0
MGYP004568284893,True,1,1,1,1.0
MGYP004568324193,True,1,1,1,1.0
MGYP004568362139,True,2,2,2,1.0
MGYP004568401103,True,5,5,5,1.0
MGYP004568410103,True,2,2,2,1.0
MGYP004568449353,True,2,2,2,1.0
MGYP004568461527,True,1,1,1,1.0
MGYP004568494893,True,1,1,1,1.0
MGYP004568519527,True,2,2,2,1.0
MGYP004568587809,True,1,1,1,1.0
MGYP004568591991,True,1,1,1,1.0
MGYP004568648193,True,2,2,2,1.0
MGYP004568681809,True,2,2,2,1.0
MGYP004568684139,True,1,1,1,1.0
MGYP004568731211,True,2,2,2,1.0
MGYP004568806893,True,1,1,1,1.0
MGYP004568873991,True,1,1,1,1.0
MGYP004568879193,True,2,2,2,1.0
MGYP004568898139,True,1,1,1,1.0
MGYP004568926139,True,2,2,2,1.0
MGYP004568985193,True,1,1,1,1.0
MGYP004569004113,True,2,2,2,1.0
MGYP004569004893,True,1,1,1,1.0
MGYP004569037103,True,1,1,1,1.0
MGYP004569118893,True,2,2,2,1.0
MGYP004569131113,True,1,1,1,1.0
MGYP004569204893,True,3,3,3,1.0
MGYP004569249113,True,2,2,2,1.0
MGYP004569387139,True,2,2,2,1.0
MGYP004569390193,True,5,5,5,1.0
MGYP004569438527,True,2,2,2,1.0
MGYP004569452527,True,1,1,1,1.0
MGYP004569459809,True,2,2,2,1.0
MGYP004569467211,True,2,2,2,1.0
MGYP004569469113,True,2,2,2,1.0
MGYP004569487113,True,3,3,3,1.0
MGYP004569492103,True,3,3,3,1.0
MGYP004569526113,True,4,4,4,1.0
MGYP004569530991,True,1,1,1,1.0
MGYP004569554211,True,1,1,1,1.0
MGYP004569558193,True,3,3,3,1.0
MGYP004569577211,True,5,5,5,1.0
MGYP004569584893,True,1,1,1,1.0
MGYP004569588893,True,1,1,1,1.0
MGYP004569602353,True,1,1,1,1.0
MGYP004569603103,True,1,1,1,1.0
MGYP004569610527,True,1,1,1,1.0
MGYP004569634527,True,2,2,2,1.0
MGYP004569646991,True,4,4,4,1.0
MGYP004569660809,True,2,2,2,1.0
MGYP004569660991,True,3,3,3,1.0
MGYP004569669353,True,1,1,1,1.0
MGYP004569714353,True,1,1,1,1.0
MGYP004569724103,True,1,1,1,1.0
MGYP004569740809,True,4,4,4,1.0
MGYP004569771809,True,1,1,1,1.0
MGYP004569772103,True,1,1,1,1.0
MGYP004569869809,True,8,8,8,1.0
MGYP004569883527,True,4,4,4,1.0
MGYP004569910527,True,1,1,1,1.0
MGYP004569947103,True,1,1,1,1.0
MGYP004569962527,True,2,2,2,1.0
MGYP004570010211,True,4,4,4,1.0
MGYP004570013139,True,2,2,2,1.0
MGYP004570025139,True,1,1,1,1.0
MGYP004570075113,True,2,2,2,1.0
MGYP004570090991,True,5,5,5,1.0
MGYP004570128527,True,2,2,2,1.0
MGYP004570129527,True,4,4,4,1.0
MGYP004570134139,True,2,2,2,1.0
MGYP004570169211,True,3,3,3,1.0
MGYP004570175113,True,10,10,10,1.0
MGYP004570234139,True,1,1,1,1.0
MGYP004570292809,True,3,3,3,1.0
MGYP004570327193,True,1,1,1,1.0
MGYP004570335211,True,3,3,3,1.0
MGYP004570409893,True,1,1,1,1.0
MGYP004570488809,True,2,2,2,1.0
MGYP004570566211,True,1,1,1,1.0
MGYP004570571103,True,1,1,1,1.0
MGYP004570574113,True,3,3,3,1.0
MGYP004570599991,True,3,3,3,1.0
MGYP004570612991,True,3,3,3,1.0
MGYP004570667211,True,5,5,5,1.0
MGYP004570703193,True,3,3,3,1.0
MGYP004570733139,True,2,2,2,1.0
MGYP004570763353,True,1,1,1,1.0
MGYP004570778809,True,1,1,1,1.0
MGYP004570779211,True,3,3,3,1.0
MGYP004570806527,True,1,1,1,1.0
MGYP004570819893,True,1,1,1,1.0
MGYP004570826193,True,2,2,2,1.0
MGYP004570857991,True,3,3,3,1.0
MGYP004570874809,True,2,2,2,1.0
MGYP004570894991,True,1,1,1,1.0
MGYP004570948991,True,1,1,1,1.0
MGYP004570986113,True,6,6,6,1.0
MGYP004570988893,True,3,3,3,1.0
MGYP004571057893,True,1,1,1,1.0
MGYP004571085139,True,1,1,1,1.0
MGYP004571113527,True,2,2,2,1.0
MGYP004571142211,True,2,2,2,1.0
MGYP004571152211,True,1,1,1,1.0
MGYP004571160211,True,6,6,6,1.0
MGYP004571162103,True,2,2,2,1.0
MGYP004571164527,True,3,3,3,1.0
MGYP004571175139,True,2,2,2,1.0
MGYP004571183103,True,2,2,2,1.0
MGYP004571200893,True,1,1,1,1.0
MGYP004571216991,True,5,5,5,1.0
MGYP004571281991,True,1,1,1,1.0
MGYP004571290193,True,1,1,1,1.0
MGYP004571358211,True,1,1,1,1.0
MGYP004571373103,True,3,3,3,1.0
MGYP004571378139,True,1,1,1,1.0
MGYP004571438353,True,8,8,8,1.0
MGYP004571446893,True,7,7,7,1.0
MGYP004571450139,True,2,2,2,1.0
MGYP004571455353,True,1,1,1,1.0
MGYP004571464893,True,3,3,3,1.0
MGYP004571531139,True,1,1,1,1.0
MGYP004571605527,True,3,3,3,1.0
MGYP004571629193,True,3,3,3,1.0
MGYP004571662893,True,1,1,1,1.0
MGYP004571787527,True,1,1,1,1.0
MGYP004571875211,True,1,1,1,1.0
MGYP004571905113,True,1,1,1,1.0
MGYP004571931353,True,2,2,2,1.0
MGYP004571949103,True,1,1,1,1.0
MGYP004571997103,True,5,5,5,1.0
MGYP004572082211,True,1,1,1,1.0
MGYP004572102353,True,1,1,1,1.0
MGYP004572110353,True,3,3,3,1.0
MGYP004572155353,True,4,4,4,1.0
MGYP004572188991,True,1,1,1,1.0
MGYP004572208353,True,2,2,2,1.0
MGYP004572228353,True,1,1,1,1.0
MGYP004572231193,True,2,2,2,1.0
MGYP004572236113,True,3,3,3,1.0
MGYP004572251353,True,1,1,1,1.0
MGYP004572272809,True,1,1,1,1.0
MGYP004572296139,True,4,4,4,1.0
MGYP004572300211,True,3,3,3,1.0
MGYP004572335527,True,1,1,1,1.0
MGYP004572374353,True,3,3,3,1.0
MGYP004572377893,True,2,2,2,1.0
MGYP004572412893,True,2,2,2,1.0
MGYP004572423211,True,1,1,1,1.0
MGYP004572426103,True,1,1,1,1.0
MGYP004572437211,True,7,7,7,1.0
MGYP004572440991,True,2,2,2,1.0
MGYP004572471527,True,1,1,1,1.0
MGYP004572494139,True,3,3,3,1.0
MGYP004572500893,True,4,4,4,1.0
MGYP004572505991,True,1,1,1,1.0
MGYP004572511353,True,2,2,2,1.0
MGYP004572526893,True,1,1,1,1.0
MGYP004572553139,True,1,1,1,1.0
MGYP004572581353,True,1,1,1,1.0
MGYP004572620353,True,3,3,3,1.0
MGYP004572629113,True,2,2,2,1.0
MGYP004572631893,True,1,1,1,1.0
MGYP004572663353,True,6,6,6,1.0
MGYP004572700211,True,1,1,1,1.0
MGYP004572770103,True,2,2,2,1.0
MGYP004572882809,True,1,1,1,1.0
MGYP004572916991,True,1,1,1,1.0
MGYP004572947893,True,4,4,4,1.0
MGYP004572949991,True,1,1,1,1.0
MGYP004572996809,True,2,2,2,1.0
MGYP004573001893,True,1,1,1,1.0
MGYP004573014211,True,1,1,1,1.0
MGYP004573030211,True,3,3,3,1.0
MGYP004573031211,True,4,4,4,1.0
MGYP004573123211,True,3,3,3,1.0
MGYP004573145103,True,1,1,1,1.0
MGYP004573185527,True,1,1,1,1.0
MGYP004573200893,True,2,2,2,1.0
MGYP004573343211,True,1,1,1,1.0
MGYP004573370809,True,2,2,2,1.0
MGYP004573386139,True,4,4,4,1.0
MGYP004573538527,True,1,1,1,1.0
MGYP004573560211,True,1,1,1,1.0
MGYP004573665991,True,2,2,2,1.0
MGYP004573686809,True,1,1,1,1.0
MGYP004573740113,True,3,3,3,1.0
MGYP004573852139,True,1,1,1,1.0
MGYP004573868353,True,1,1,1,1.0
MGYP004573875193,True,6,6,6,1.0
MGYP004573999353,True,1,1,1,1.0
MGYP004574018103,True,3,3,3,1.0
MGYP004574028809,True,2,2,2,1.0
MGYP004574034139,True,1,1,1,1.0
MGYP004574038893,True,2,2,2,1.0
MGYP004574039113,True,1,1,1,1.0
MGYP004574061211,True,1,1,1,1.0
MGYP004574104893,True,1,1,1,1.0
MGYP004574108211,True,2,2,2,1.0
MGYP004574110193,True,1,1,1,1.0
MGYP004574129193,True,1,1,1,1.0
MGYP004574147527,True,1,1,1,1.0
MGYP004574172809,True,2,2,2,1.0
MGYP004574300527,True,2,2,2,1.0
MGYP004574328103,True,3,3,3,1.0
MGYP004574334353,True,5,5,5,1.0
MGYP004574342527,True,2,2,2,1.0
MGYP004574350211,True,2,2,2,1.0
MGYP004574443211,True,3,3,3,1.0
MGYP004574533103,True,11,11,11,1.0
MGYP004574554193,True,1,1,1,1.0
MGYP004574581103,True,2,2,2,1.0
MGYP004574589193,True,1,1,1,1.0
MGYP004574597893,True,2,2,2,1.0
MGYP004574641527,True,2,2,2,1.0
MGYP004574669527,True,2,2,2,1.0
MGYP004574693893,True,1,1,1,1.0
MGYP004574706893,True,1,1,1,1.0
MGYP004574746211,True,1,1,1,1.0
MGYP004574753527,True,7,7,7,1.0
MGYP004574761139,True,3,3,3,1.0
MGYP004574777113,True,2,2,2,1.0
MGYP004574782103,True,1,1,1,1.0
MGYP004574783893,True,1,1,1,1.0
MGYP004574819809,True,2,2,2,1.0
MGYP004574862353,True,4,4,4,1.0
MGYP004574893113,True,1,1,1,1.0
MGYP004574897527,True,5,5,5,1.0
MGYP004574922193,True,1,1,1,1.0
MGYP004574941139,True,2,2,2,1.0
MGYP004574996991,True,6,6,6,1.0
MGYP004575030809,True,2,2,2,1.0
MGYP004575063193,True,2,2,2,1.0
MGYP004575079991,True,3,3,3,1.0
MGYP004575176139,True,1,1,1,1.0
MGYP004575212113,True,5,5,5,1.0
MGYP004575252353,True,1,1,1,1.0
MGYP004575297893,True,1,1,1,1.0
MGYP004575298103,True,2,2,2,1.0
MGYP004575310193,True,1,1,1,1.0
MGYP004575319991,True,1,1,1,1.0
MGYP004575371809,True,2,2,2,1.0
MGYP004575416809,True,1,1,1,1.0
MGYP004575439139,True,1,1,1,1.0
MGYP004575445527,True,6,6,6,1.0
MGYP004575482193,True,1,1,1,1.0
MGYP004575489809,True,2,2,2,1.0
MGYP004575555139,True,4,4,4,1.0
MGYP004575559353,True,1,1,1,1.0
MGYP004575585527,True,2,2,2,1.0
MGYP004575611893,True,5,5,5,1.0
MGYP004575623353,True,3,3,3,1.0
MGYP004575668211,True,1,1,1,1.0
MGYP004575691103,True,3,3,3,1.0
MGYP004575736809,True,1,1,1,1.0
MGYP004575766809,True,1,1,1,1.0
MGYP004575817103,True,4,4,4,1.0
MGYP004575933527,True,2,2,2,1.0
MGYP004575962113,True,3,3,3,1.0
MGYP004575963893,True,2,2,2,1.0
MGYP004575971353,True,1,1,1,1.0
MGYP004576006113,True,1,1,1,1.0
MGYP004576012893,True,3,3,3,1.0
MGYP004576059353,True,6,6,6,1.0
MGYP004576081991,True,2,2,2,1.0
MGYP004576085113,True,3,3,3,1.0
MGYP004576110113,True,1,1,1,1.0
MGYP004576110991,True,1,1,1,1.0
MGYP004576150991,True,1,1,1,1.0
MGYP004576190991,True,4,4,4,1.0
MGYP004576223809,True,1,1,1,1.0
MGYP004576250211,True,1,1,1,1.0
MGYP004576302193,True,1,1,1,1.0
MGYP004576324211,True,2,2,2,1.0
MGYP004576454193,True,2,2,2,1.0
MGYP004576545211,True,1,1,1,1.0
MGYP004576635353,True,3,3,3,1.0
MGYP004576642103,True,2,2,2,1.0
MGYP004576654527,True,3,3,3,1.0
MGYP004576668893,True,1,1,1,1.0
MGYP004576678893,True,3,3,3,1.0
MGYP004576694991,True,4,4,4,1.0
MGYP004576735809,True,2,2,2,1.0
MGYP004576739211,True,3,3,3,1.0
MGYP004576769113,True,3,3,3,1.0
MGYP004576841527,True,2,2,2,1.0
MGYP004576913893,True,1,1,1,1.0
MGYP004576918113,True,4,4,4,1.0
MGYP004576972113,True,1,1,1,1.0
MGYP004577005103,True,1,1,1,1.0
MGYP004577040527,True,1,1,1,1.0
MGYP004577058353,True,3,3,3,1.0
MGYP004577063893,True,4,4,4,1.0
MGYP004577104991,True,2,2,2,1.0
MGYP004577107893,True,1,1,1,1.0
MGYP004577111139,True,2,2,2,1.0
MGYP004577121991,True,1,1,1,1.0
MGYP004577194103,True,3,3,3,1.0
MGYP004577244103,True,1,1,1,1.0
MGYP004577263809,True,1,1,1,1.0
MGYP004577331353,True,1,1,1,1.0
MGYP004577336193,True,1,1,1,1.0
MGYP004577374353,True,3,3,3,1.0
MGYP004577450527,True,1,1,1,1.0
MGYP004577462113,True,4,4,4,1.0
MGYP004577492809,True,2,2,2,1.0
MGYP004577536991,True,1,1,1,1.0
MGYP004577568527,True,2,2,2,1.0
MGYP004577614113,True,3,3,3,1.0
MGYP004577641139,True,5,5,5,1.0
MGYP004577664893,True,1,1,1,1.0
MGYP004577665139,True,5,5,5,1.0
MGYP004577676353,True,1,1,1,1.0
MGYP004577684991,True,1,1,1,1.0
MGYP004577688353,True,1,1,1,1.0
MGYP004577725211,True,2,2,2,1.0
MGYP004577745139,True,4,4,4,1.0
MGYP004577745353,True,2,2,2,1.0
MGYP004577778103,True,5,5,5,1.0
MGYP004577836991,True,2,2,2,1.0
MGYP004577845139,True,3,3,3,1.0
MGYP004577878103,True,1,1,1,1.0
MGYP004577999211,True,2,2,2,1.0
MGYP004578071103,True,1,1,1,1.0
MGYP004578095211,True,2,2,2,1.0
MGYP004578164113,True,1,1,1,1.0
MGYP004578191991,True,2,2,2,1.0
MGYP004578212139,True,1,1,1,1.0
MGYP004578286103,True,1,1,1,1.0
MGYP004578289991,True,1,1,1,1.0
MGYP004578367139,True,1,1,1,1.0
MGYP004578464113,True,1,1,1,1.0
MGYP004578476193,True,4,4,4,1.0
MGYP004578520809,True,1,1,1,1.0
MGYP004578539353,True,1,1,1,1.0
MGYP004578552211,True,5,5,5,1.0
MGYP004578609893,True,2,2,2,1.0
MGYP004578636809,True,2,2,2,1.0
MGYP004578686809,True,1,1,1,1.0
MGYP004578710103,True,3,3,3,1.0
MGYP004578717103,True,3,3,3,1.0
MGYP004578727353,True,3,3,3,1.0
MGYP004578744991,True,3,3,3,1.0
MGYP004578765193,True,3,3,3,1.0
MGYP004578793139,True,1,1,1,1.0
MGYP004578901211,True,1,1,1,1.0
MGYP004578908527,True,2,2,2,1.0
MGYP004578940809,True,2,2,2,1.0
MGYP004579048193,True,5,5,5,1.0
MGYP004579142991,True,1,1,1,1.0
MGYP004579157991,True,1,1,1,1.0
MGYP004579227193,True,3,3,3,1.0
MGYP004579267809,True,4,4,4,1.0
MGYP004579279211,True,1,1,1,1.0
MGYP004579316809,True,7,7,7,1.0
MGYP004579364193,True,3,3,3,1.0
MGYP004579369139,True,6,6,6,1.0
MGYP004579574527,True,2,2,2,1.0
MGYP004579628193,True,6,6,6,1.0
MGYP004579629353,True,1,1,1,1.0
MGYP004579749809,True,5,5,5,1.0
MGYP004579775809,True,3,3,3,1.0
MGYP004579823193,True,1,1,1,1.0
MGYP004579847353,True,2,2,2,1.0
MGYP004579899991,True,1,1,1,1.0
MGYP004579915353,True,1,1,1,1.0
MGYP004579921893,True,4,4,4,1.0
MGYP004579957991,True,3,3,3,1.0
MGYP004579970809,True,1,1,1,1.0
MGYP004579980139,True,3,3,3,1.0
MGYP004579980809,True,2,2,2,1.0
MGYP004579986353,True,5,5,5,1.0
MGYP004579993527,True,3,3,3,1.0
MGYP004580012353,True,2,2,2,1.0
MGYP004580054113,True,1,1,1,1.0
MGYP004580085353,True,2,2,2,1.0
MGYP004580105527,True,3,3,3,1.0
MGYP004580169193,True,1,1,1,1.0
MGYP004580206527,True,4,4,4,1.0
MGYP004580235211,True,1,1,1,1.0
MGYP004580248353,True,2,2,2,1.0
MGYP004580259139,True,1,1,1,1.0
MGYP004580264353,True,8,8,8,1.0
MGYP004580313193,True,3,3,3,1.0
MGYP004580329103,True,4,4,4,1.0
MGYP004580368193,True,1,1,1,1.0
MGYP004580369991,True,2,2,2,1.0
MGYP004580399113,True,1,1,1,1.0
MGYP004580417139,True,3,3,3,1.0
MGYP004580430113,True,1,1,1,1.0
MGYP004580439527,True,2,2,2,1.0
MGYP004580447893,True,1,1,1,1.0
MGYP004580502139,True,1,1,1,1.0
MGYP004580510113,True,4,4,4,1.0
MGYP004580548139,True,5,5,5,1.0
MGYP004580577139,True,1,1,1,1.0
MGYP004580651211,True,2,2,2,1.0
MGYP004580705527,True,2,2,2,1.0
MGYP004580711211,True,4,4,4,1.0
MGYP004580744353,True,3,3,3,1.0
MGYP004580827193,True,1,1,1,1.0
MGYP004580844139,True,1,1,1,1.0
MGYP004580888139,True,2,2,2,1.0
MGYP004580904527,True,2,2,2,1.0
MGYP004580908353,True,4,4,4,1.0
MGYP004580954193,True,2,2,2,1.0
MGYP004580966991,True,5,5,5,1.0
MGYP004581010103,True,3,3,3,1.0
MGYP004581032893,True,3,3,3,1.0
MGYP004581036991,True,1,1,1,1.0
MGYP004581118211,True,1,1,1,1.0
MGYP004581130193,True,1,1,1,1.0
MGYP004581137113,True,2,2,2,1.0
MGYP004581177211,True,5,5,5,1.0
MGYP004581190893,True,2,2,2,1.0
MGYP004581230527,True,1,1,1,1.0
MGYP004581312991,True,2,2,2,1.0
MGYP004581351211,True,1,1,1,1.0
MGYP004581410353,True,2,2,2,1.0
MGYP004581443809,True,4,4,4,1.0
MGYP004581474139,True,3,3,3,1.0
MGYP004581510113,True,1,1,1,1.0
MGYP004581547211,True,5,5,5,1.0
MGYP004581575893,True,2,2,2,1.0
MGYP004581632139,True,3,3,3,1.0
MGYP004581637893,True,3,3,3,1.0
MGYP004581663809,True,3,3,3,1.0
MGYP004581777193,True,1,1,1,1.0
MGYP004581791193,True,1,1,1,1.0
MGYP004581801139,True,5,5,5,1.0
MGYP004581878991,True,2,2,2,1.0
MGYP004581972893,True,2,2,2,1.0
MGYP004582029113,True,1,1,1,1.0
MGYP004582110113,True,5,5,5,1.0
MGYP004582130139,True,2,2,2,1.0
MGYP004582281809,True,1,1,1,1.0
MGYP004582308211,True,3,3,3,1.0
MGYP004582310809,True,1,1,1,1.0
MGYP004582322353,True,2,2,2,1.0
MGYP004582357809,True,1,1,1,1.0
MGYP004582389211,True,1,1,1,1.0
MGYP004582489113,True,1,1,1,1.0
MGYP004582530353,True,5,5,5,1.0
MGYP004582545893,True,1,1,1,1.0
MGYP004582555139,True,1,1,1,1.0
MGYP004582591193,True,1,1,1,1.0
MGYP004582607809,True,1,1,1,1.0
MGYP004582659113,True,2,2,2,1.0
MGYP004582682139,True,1,1,1,1.0
MGYP004582706893,True,2,2,2,1.0
MGYP004582745139,True,4,4,4,1.0
MGYP004582754113,True,2,2,2,1.0
MGYP004582780809,True,3,3,3,1.0
MGYP004582840527,True,1,1,1,1.0
MGYP004582844103,True,3,3,3,1.0
MGYP004582917527,True,1,1,1,1.0
MGYP004582926139,True,1,1,1,1.0
MGYP004582944809,True,1,1,1,1.0
MGYP004582974193,True,3,3,3,1.0
MGYP004583004113,True,2,2,2,1.0
MGYP004583088113,True,1,1,1,1.0
MGYP004583102353,True,2,2,2,1.0
MGYP004583124211,True,1,1,1,1.0
MGYP004583147139,False,1,0,0,0.0
MGYP004583260809,False,3,0,0,0.0
MGYP004583317113,False,1,0,0,0.0
MGYP004583324103,False,1,0,0,0.0
MGYP004583338193,False,1,0,0,0.0
MGYP004583398527,False,1,0,0,0.0
MGYP004583400103,False,2,0,0,0.0
MGYP004583420193,False,2,0,0,0.0
MGYP004583467527,False,3,0,0,0.0
MGYP004583544809,False,1,0,0,0.0
MGYP004583572211,False,1,0,0,0.0
MGYP004583580527,False,3,0,0,0.0
MGYP004583584139,False,1,0,0,0.0
MGYP004583587139,False,2,0,0,0.0
MGYP004583597113,False,2,0,0,0.0
MGYP004583618139,False,3,0,0,0.0
MGYP004583646893,False,2,0,0,0.0
MGYP004583667211,False,2,0,0,0.0
MGYP004583672113,False,2,0,0,0.0
MGYP004583677809,False,2,0,0,0.0
MGYP004583708353,False,2,0,0,0.0
MGYP004583756893,False,6,0,0,0.0
MGYP004583780527,False,3,0,0,0.0
MGYP004583805991,False,1,0,0,0.0
MGYP004583839211,False,1,0,0,0.0
MGYP004583872527,False,4,0,0,0.0
MGYP004583958211,False,2,0,0,0.0
MGYP004583959211,False,1,0,0,0.0
MGYP004583971527,False,2,0,0,0.0
MGYP004584095353,False,2,0,0,0.0
MGYP004584116103,False,3,0,0,0.0
MGYP004584131193,False,1,0,0,0.0
MGYP004584154991,False,1,0,0,0.0
MGYP004584186193,False,1,0,0,0.0
MGYP004584206893,False,1,0,0,0.0
MGYP004584246103,False,1,0,0,0.0
MGYP004584249893,False,1,0,0,0.0
MGYP004584296353,False,1,0,0,0.0
MGYP004584517113,False,4,0,0,0.0
MGYP004584518139,False,4,0,0,0.0
MGYP004584520139,False,3,0,0,0.0
MGYP004584539113,False,3,0,0,0.0
MGYP004584553193,False,1,0,0,0.0
MGYP004584586809,False,1,0,0,0.0
MGYP004584621353,False,1,0,0,0.0
MGYP004584624103,False,2,0,0,0.0
MGYP004584651103,False,1,0,0,0.0
MGYP004584682809,False,3,0,0,0.0
MGYP004584741527,False,2,0,0,0.0
MGYP004584791893,False,3,0,0,0.0
MGYP004584804353,False,1,0,0,0.0
MGYP004584905211,False,1,0,0,0.0
MGYP004584990893,False,1,0,0,0.0
MGYP004585002353,False,4,0,0,0.0
MGYP004585032527,False,2,0,0,0.0
MGYP004585094113,False,2,0,0,0.0
MGYP004585130193,False,4,0,0,0.0
MGYP004585212353,False,1,0,0,0.0
MGYP004585230211,False,1,0,0,0.0
MGYP004585396991,False,6,0,0,0.0
MGYP004585399527,False,2,0,0,0.0
MGYP004585455893,False,3,0,0,0.0
MGYP004585460809,False,1,0,0,0.0
MGYP004585583139,False,1,0,0,0.0
MGYP004585680893,False,2,0,0,0.0
MGYP004585686353,False,2,0,0,0.0
MGYP004585698193,False,1,0,0,0.0
MGYP004585760139,False,1,0,0,0.0
MGYP004585802103,False,1,0,0,0.0
MGYP004585808139,False,1,0,0,0.0
MGYP004585840527,False,1,0,0,0.0
MGYP004585895809,False,6,0,0,0.0
MGYP004585992809,False,4,0,0,0.0
MGYP004586037103,False,1,0,0,0.0
MGYP004586050809,False,1,0,0,0.0
MGYP004586077527,False,5,0,0,0.0
MGYP004586121193,False,5,0,0,0.0
MGYP004586130527,False,2,0,0,0.0
MGYP004586139113,False,3,0,0,0.0
MGYP004586168353,False,6,0,0,0.0
MGYP004586177893,False,1,0,0,0.0
MGYP004586191809,False,2,0,0,0.0
MGYP004586225353,False,1,0,0,0.0
MGYP004586225991,False,3,0,0,0.0
MGYP004586255527,False,1,0,0,0.0
MGYP004586260103,False,2,0,0,0.0
MGYP004586270211,False,3,0,0,0.0
MGYP004586341809,False,2,0,0,0.0
MGYP004586376211,False,2,0,0,0.0
MGYP004586439809,False,1,0,0,0.0
MGYP004586473103,False,1,0,0,0.0
MGYP004586479353,False,1,0,0,0.0
MGYP004586489353,False,1,0,0,0.0
MGYP004586511211,False,1,0,0,0.0
MGYP004586555991,False,1,0,0,0.0
MGYP004586570893,False,2,0,0,0.0
MGYP004586600139,False,3,0,0,0.0
MGYP004586613193,False,1,0,0,0.0
MGYP004586640809,False,1,0,0,0.0
MGYP004586644139,False,1,0,0,0.0
MGYP004586660893,False,1,0,0,0.0
MGYP004586695139,False,1,0,0,0.0
MGYP004586723113,False,1,0,0,0.0
MGYP004586774139,False,3,0,0,0.0
MGYP004586776139,False,3,0,0,0.0
MGYP004586789893,False,1,0,0,0.0
MGYP004586806353,False,1,0,0,0.0
MGYP004586835527,False,1,0,0,0.0
MGYP004586919527,False,2,0,0,0.0
MGYP004587003113,False,3,0,0,0.0
MGYP004587003211,False,2,0,0,0.0
MGYP004587069113,False,4,0,0,0.0
MGYP004587077113,False,2,0,0,0.0
MGYP004587105809,False,1,0,0,0.0
MGYP004587184809,False,5,0,0,0.0
MGYP004587225211,False,3,0,0,0.0
MGYP004587305353,False,4,0,0,0.0
MGYP004587307527,False,2,0,0,0.0
MGYP004587357113,False,1,0,0,0.0
MGYP004587418113,False,1,0,0,0.0
MGYP004587424193,False,3,0,0,0.0
MGYP004587474527,False,2,0,0,0.0
MGYP004587503809,False,1,0,0,0.0
MGYP004587539103,False,2,0,0,0.0
MGYP004587544809,False,1,0,0,0.0
MGYP004587706103,False,1,0,0,0.0
MGYP004587848353,False,3,0,0,0.0
MGYP004587860139,False,4,0,0,0.0
MGYP004587911893,False,1,0,0,0.0
MGYP004587923353,False,1,0,0,0.0
MGYP004587994193,False,5,0,0,0.0
MGYP004588012991,False,7,0,0,0.0
MGYP004588039809,False,1,0,0,0.0
MGYP004588079113,False,1,0,0,0.0
MGYP004588080113,False,1,0,0,0.0
MGYP004588094139,False,5,0,0,0.0
MGYP004588120103,False,2,0,0,0.0
MGYP004588258139,False,1,0,0,0.0
MGYP004588321211,False,2,0,0,0.0
MGYP004588346113,False,1,0,0,0.0
MGYP004588370193,False,3,0,0,0.0
MGYP004588395139,False,2,0,0,0.0
MGYP004588418893,False,4,0,0,0.0
MGYP004588453113,False,1,0,0,0.0
MGYP004588514353,False,1,0,0,0.0
MGYP004588523113,False,2,0,0,0.0
MGYP004588549103,False,1,0,0,0.0
MGYP004588601139,False,1,0,0,0.0
MGYP004588692113,False,1,0,0,0.0
MGYP004588722809,False,1,0,0,0.0
MGYP004588747211,False,1,0,0,0.0
MGYP004588797211,False,1,0,0,0.0
MGYP004588849113,False,2,0,0,0.0
MGYP004588861991,False,3,0,0,0.0
MGYP004588889991,False,6,0,0,0.0
MGYP004588931113,False,1,0,0,0.0
MGYP004588968893,False,6,0,0,0.0
MGYP004588972353,False,4,0,0,0.0
MGYP004589063139,False,2,0,0,0.0
MGYP004589079809,False,2,0,0,0.0
MGYP004589099991,False,3,0,0,0.0
MGYP004589125893,False,2,0,0,0.0
MGYP004589143139,False,6,0,0,0.0
MGYP004589177991,False,4,0,0,0.0
MGYP004589235893,False,1,0,0,0.0
MGYP004589256527,False,1,0,0,0.0
MGYP004589281211,False,1,0,0,0.0
MGYP004589348809,False,1,0,0,0.0
MGYP004589372527,False,4,0,0,0.0
MGYP004589415103,False,1,0,0,0.0
MGYP004589424103,False,4,0,0,0.0
MGYP004589424193,False,7,0,0,0.0
MGYP004589468353,False,5,0,0,0.0
MGYP004589474893,False,1,0,0,0.0
MGYP004589479991,False,4,0,0,0.0
MGYP004589515353,False,1,0,0,0.0
MGYP004589524113,False,1,0,0,0.0
MGYP004589530527,False,2,0,0,0.0
MGYP004589568211,False,2,0,0,0.0
MGYP004589598893,False,1,0,0,0.0
MGYP004589601139,False,1,0,0,0.0
MGYP004589620113,False,1,0,0,0.0
MGYP004589698139,False,3,0,0,0.0
MGYP004589824103,False,1,0,0,0.0
MGYP004589850139,False,3,0,0,0.0
MGYP004589876103,False,2,0,0,0.0
MGYP004589920893,False,1,0,0,0.0
MGYP004589958193,False,6,0,0,0.0
MGYP004589961991,False,2,0,0,0.0
MGYP004589963113,False,2,0,0,0.0
MGYP004589978893,False,3,0,0,0.0
MGYP004589980103,False,3,0,0,0.0
MGYP004589981991,False,3,0,0,0.0
MGYP004589990353,False,4,0,0,0.0
MGYP004589995353,False,2,0,0,0.0
MGYP004590030139,False,4,0,0,0.0
MGYP004590058527,False,4,0,0,0.0
MGYP004590085211,False,2,0,0,0.0
MGYP004590118113,False,1,0,0,0.0
MGYP004590132193,False,6,0,0,0.0
MGYP004590197991,False,2,0,0,0.0
MGYP004590210193,False,3,0,0,0.0
MGYP004590287809,False,2,0,0,0.0
MGYP004590295211,False,8,0,0,0.0
MGYP004590300353,False,1,0,0,0.0
MGYP004590353991,False,1,0,0,0.0
MGYP004590414353,False,1,0,0,0.0
MGYP004590431113,False,3,0,0,0.0
MGYP004590478991,False,3,0,0,0.0
MGYP004590484893,False,4,0,0,0.0
MGYP004590489139,False,1,0,0,0.0
MGYP004590547893,False,2,0,0,0.0
MGYP004590554193,False,1,0,0,0.0
MGYP004590567113,False,1,0,0,0.0
MGYP004590591893,False,2,0,0,0.0
MGYP004590605211,False,2,0,0,0.0
MGYP004590612353,False,2,0,0,0.0
MGYP004590615809,False,1,0,0,0.0
MGYP004590666809,False,2,0,0,0.0
MGYP004590685139,False,2,0,0,0.0
MGYP004590725991,False,3,0,0,0.0
MGYP004590774353,False,1,0,0,0.0
MGYP004590796809,False,2,0,0,0.0
MGYP004590838113,False,4,0,0,0.0
MGYP004590838527,False,1,0,0,0.0
MGYP004590957527,False,7,0,0,0.0
MGYP004590961353,False,2,0,0,0.0
MGYP004590969211,False,1,0,0,0.0
MGYP004590997893,False,1,0,0,0.0
MGYP004591034527,False,3,0,0,0.0
MGYP004591046991,False,3,0,0,0.0
MGYP004591078211,False,1,0,0,0.0
MGYP004591096193,False,1,0,0,0.0
MGYP004591101211,False,1,0,0,0.0
MGYP004591104893,False,2,0,0,0.0
MGYP004591147139,False,3,0,0,0.0
MGYP004591193139,False,2,0,0,0.0
MGYP004591310353,False,1,0,0,0.0
MGYP004591330193,False,12,0,0,0.0
MGYP004591367211,False,1,0,0,0.0
MGYP004591426211,False,2,0,0,0.0
MGYP004591503113,False,2,0,0,0.0
MGYP004591510527,False,1,0,0,0.0
MGYP004591567991,False,1,0,0,0.0
MGYP004591589103,False,4,0,0,0.0
MGYP004591625103,False,2,0,0,0.0
MGYP004591632527,False,1,0,0,0.0
MGYP004591672139,False,3,0,0,0.0
MGYP004591698353,False,1,0,0,0.0
MGYP004591702113,False,2,0,0,0.0
MGYP004591703893,False,2,0,0,0.0
MGYP004591793103,False,5,0,0,0.0
MGYP004591799353,False,3,0,0,0.0
MGYP004591808211,False,4,0,0,0.0
MGYP004591877893,False,2,0,0,0.0
MGYP004591896809,False,3,0,0,0.0
MGYP004591897211,False,1,0,0,0.0
MGYP004591945809,False,2,0,0,0.0
MGYP004591956353,False,1,0,0,0.0
MGYP004591965103,False,2,0,0,0.0
MGYP004592005527,False,1,0,0,0.0
MGYP004592027353,False,1,0,0,0.0
MGYP004592042809,False,1,0,0,0.0
MGYP004592075353,False,2,0,0,0.0
MGYP004592094809,False,2,0,0,0.0
MGYP004592144991,False,1,0,0,0.0
MGYP004592145193,False,2,0,0,0.0
MGYP004592146113,False,2,0,0,0.0
MGYP004592206103,False,1,0,0,0.0
MGYP004592312991,False,6,0,0,0.0
MGYP004592319103,False,1,0,0,0.0
MGYP004592321527,False,3,0,0,0.0
MGYP004592376113,False,1,0,0,0.0
MGYP004592501991,False,1,0,0,0.0
MGYP004592566193,False,1,0,0,0.0
MGYP004592648353,False,1,0,0,0.0
MGYP004592682113,False,8,0,0,0.0
MGYP004592688113,False,2,0,0,0.0
MGYP004592774527,False,3,0,0,0.0
MGYP004592787991,False,1,0,0,0.0
MGYP004592798113,False,6,0,0,0.0
MGYP004592872193,False,3,0,0,0.0
MGYP004592896211,False,6,0,0,0.0
MGYP004592933991,False,3,0,0,0.0
MGYP004592959809,False,4,0,0,0.0
MGYP004592977527,False,3,0,0,0.0
MGYP004593010113,False,3,0,0,0.0
MGYP004593166103,False,2,0,0,0.0
MGYP004593211991,False,1,0,0,0.0
MGYP004593253893,False,1,0,0,0.0
MGYP004593351103,False,2,0,0,0.0
MGYP004593355103,False,2,0,0,0.0
MGYP004593374527,False,1,0,0,0.0
MGYP004593512193,False,1,0,0,0.0
MGYP004593514139,False,1,0,0,0.0
MGYP004593515139,False,10,0,0,0.0
MGYP004593634527,False,1,0,0,0.0
MGYP004593671113,False,1,0,0,0.0
MGYP004593828193,False,1,0,0,0.0
MGYP004594004809,False,2,0,0,0.0
MGYP004594185103,False,1,0,0,0.0
MGYP004594198103,False,1,0,0,0.0
MGYP004594216991,False,1,0,0,0.0
MGYP004594220103,False,2,0,0,0.0
MGYP004594237139,False,2,0,0,0.0
MGYP004594255113,False,1,0,0,0.0
MGYP004594256113,False,2,0,0,0.0
MGYP004594268353,False,2,0,0,0.0
MGYP004594300113,False,2,0,0,0.0
MGYP004594335139,False,2,0,0,0.0
MGYP004594380139,False,1,0,0,0.0
MGYP004594469113,False,1,0,0,0.0
MGYP004594497991,False,4,0,0,0.0
MGYP004594523113,False,3,0,0,0.0
MGYP004594533527,False,1,0,0,0.0
MGYP004594564113,False,4,0,0,0.0
MGYP004594613193,False,1,0,0,0.0
MGYP004594635211,False,1,0,0,0.0
MGYP004594647809,False,4,0,0,0.0
MGYP004594661991,False,1,0,0,0.0
MGYP004594673193,False,1,0,0,0.0
MGYP004594682893,False,1,0,0,0.0
MGYP004594702211,False,2,0,0,0.0
MGYP004594747103,False,4,0,0,0.0
MGYP004594761211,False,1,0,0,0.0
MGYP004594762113,False,2,0,0,0.0
MGYP004594832193,False,3,0,0,0.0
MGYP004594897893,False,1,0,0,0.0
MGYP004594942193,False,1,0,0,0.0
MGYP004594954113,False,4,0,0,0.0
MGYP004594956527,False,6,0,0,0.0
MGYP004594958353,False,4,0,0,0.0
MGYP004594991113,False,3,0,0,0.0
MGYP004595117809,False,4,0,0,0.0
MGYP004595118103,False,2,0,0,0.0
MGYP004595135113,False,1,0,0,0.0
MGYP004595150139,False,1,0,0,0.0
MGYP004595195113,False,1,0,0,0.0
MGYP004595228103,False,1,0,0,0.0
MGYP004595250809,False,1,0,0,0.0
MGYP004595292353,False,1,0,0,0.0
MGYP004595297809,False,2,0,0,0.0
MGYP004595337113,False,3,0,0,0.0
MGYP004595381809,False,1,0,0,0.0
MGYP004595412139,False,4,0,0,0.0
MGYP004595517113,False,3,0,0,0.0
MGYP004595524353,False,3,0,0,0.0
MGYP004595534139,False,1,0,0,0.0
MGYP004595577991,False,6,0,0,0.0
MGYP004595595103,False,2,0,0,0.0
MGYP004595701809,False,2,0,0,0.0
MGYP004595724113,False,1,0,0,0.0
MGYP004595840113,False,4,0,0,0.0
MGYP004595848139,False,2,0,0,0.0
MGYP004595859193,False,1,0,0,0.0
MGYP004595873353,False,2,0,0,0.0
MGYP004595950211,False,1,0,0,0.0
MGYP004595980893,False,3,0,0,0.0
MGYP004596063527,False,1,0,0,0.0
MGYP004596078113,False,3,0,0,0.0
MGYP004596154193,False,4,0,0,0.0
MGYP004596165103,False,4,0,0,0.0
MGYP004596167809,False,5,0,0,0.0
MGYP004596169139,False,2,0,0,0.0
MGYP004596213193,False,1,0,0,0.0
MGYP004596220113,False,1,0,0,0.0
MGYP004596258103,False,1,0,0,0.0
MGYP004596349211,False,2,0,0,0.0
MGYP004596374893,False,1,0,0,0.0
MGYP004596430809,False,5,0,0,0.0
MGYP004596453353,False,1,0,0,0.0
MGYP004596481103,False,1,0,0,0.0
MGYP004596524809,False,4,0,0,0.0
MGYP004596562809,False,1,0,0,0.0
MGYP004596577113,False,1,0,0,0.0
MGYP004596760113,False,1,0,0,0.0
MGYP004596777893,False,1,0,0,0.0
MGYP004596806809,False,1,0,0,0.0
MGYP004596819103,False,8,0,0,0.0
MGYP004596866113,False,2,0,0,0.0
MGYP004596930893,False,2,0,0,0.0
MGYP004596977113,False,2,0,0,0.0
MGYP004597001893,False,2,0,0,0.0
MGYP004597004893,False,6,0,0,0.0
MGYP004597022893,False,1,0,0,0.0
MGYP004597044139,False,5,0,0,0.0
MGYP004597062139,False,2,0,0,0.0
